mukey,ind_ID,lat,long,ffd,areasymbol,musym,muname,caco3_r,cec7_r,ec_r,ecec_r,gypsum_r,ph1to1h2o_r,claytotal_r,sandtotal_r,silttotal_r,dbthirdbar_r,lep_r,om_r,ksat_r,awc_r,pondfreqcl_dc,flodfreqcl_dc,drclassdcd,aws0100wta,surf_texture,min_surf_texture,total_aws,avg_soildepth
106737,QUE001885,36.21812,-95.90014,190,OK143,53,Wynona silty clay loam; 0 to 1 percent slopes; occasionally flooded,0,16.54,1,NA,0,5.8,30.88,7.89,61.23,1.44,3.24,1.47,2.56,0.19,None,Occasional,Somewhat poorly drained,18.64,sicl,sicl,36.39,200
106737,QUE001880,36.2204,-95.89845,190,OK143,53,Wynona silty clay loam; 0 to 1 percent slopes; occasionally flooded,0,16.54,1,NA,0,5.8,30.88,7.89,61.23,1.44,3.24,1.47,2.56,0.19,None,Occasional,Somewhat poorly drained,18.64,sicl,sicl,36.39,200
106737,QUE001884,36.21813,-95.89998,190,OK143,53,Wynona silty clay loam; 0 to 1 percent slopes; occasionally flooded,0,16.54,1,NA,0,5.8,30.88,7.89,61.23,1.44,3.24,1.47,2.56,0.19,None,Occasional,Somewhat poorly drained,18.64,sicl,sicl,36.39,200
106737,QUE001882,36.22064,-95.89876,190,OK143,53,Wynona silty clay loam; 0 to 1 percent slopes; occasionally flooded,0,16.54,1,NA,0,5.8,30.88,7.89,61.23,1.44,3.24,1.47,2.56,0.19,None,Occasional,Somewhat poorly drained,18.64,sicl,sicl,36.39,200
106737,QUE001878,36.2107,-95.89476,191,OK143,53,Wynona silty clay loam; 0 to 1 percent slopes; occasionally flooded,0,16.54,1,NA,0,5.8,30.88,7.89,61.23,1.44,3.24,1.47,2.56,0.19,None,Occasional,Somewhat poorly drained,18.64,sicl,sicl,36.39,200
160670,QUE002128,41.65947,-87.04994,158,IN127,OaC,Oakville fine sand; 4 to 12 percent slopes,0,4.15,0,NA,0,6.04,2.52,94.24,3.24,1.53,1.5,0.43,91.74,0.07,None,None,Well drained,7.3,fs,fs,10.42,152
160670,QUE002124,41.65955,-87.06218,158,IN127,OaC,Oakville fine sand; 4 to 12 percent slopes,0,4.15,0,NA,0,6.04,2.52,94.24,3.24,1.53,1.5,0.43,91.74,0.07,None,None,Well drained,7.3,fs,fs,10.42,152
160670,QUE002121,41.65738,-87.06045,158,IN127,OaC,Oakville fine sand; 4 to 12 percent slopes,0,4.15,0,NA,0,6.04,2.52,94.24,3.24,1.53,1.5,0.43,91.74,0.07,None,None,Well drained,7.3,fs,fs,10.42,152
164707,QUE002454,41.08874,-85.12054,148,IN003,McB,Martinsville loam; 2 to 6 percent slopes,0,11.87,0,10.37,0,6.2,22.94,49.91,27.15,1.49,2.3,0.56,9.17,0.18,None,None,Well drained,17.56,l,l,38.71,203
164707,QUE002459,41.08937,-85.11921,148,IN003,McB,Martinsville loam; 2 to 6 percent slopes,0,11.87,0,10.37,0,6.2,22.94,49.91,27.15,1.49,2.3,0.56,9.17,0.18,None,None,Well drained,17.56,l,l,38.71,203
164707,QUE002455,41.08919,-85.11948,148,IN003,McB,Martinsville loam; 2 to 6 percent slopes,0,11.87,0,10.37,0,6.2,22.94,49.91,27.15,1.49,2.3,0.56,9.17,0.18,None,None,Well drained,17.56,l,l,38.71,203
165348,QUE002314,41.74568,-85.74568,139,IN039,CnbC,Coloma sand; 5 to 10 percent slopes,0,2.56,0,NA,0,6.1,2.85,91.75,5.4,1.53,0.23,0.39,55,0.07,None,None,Somewhat excessively drained,7.35,s,s,13.38,203
168542,QUE002471,40.73122,-83.09328,147,OH033,Blg1B1,Blount silt loam; ground moraine; 2 to 4 percent slopes,3,21.48,0,14.86,0,6.71,36.41,18.91,44.68,1.58,3.81,0.8,2.81,0.14,None,None,Somewhat poorly drained,14.68,sil,sil,18.52,NA
168593,QUE002474,40.73036,-83.09472,147,OH033,TrA,Tiro silt loam; 0 to 2 percent slopes,0.18,14.16,0,NA,0,6.17,26.68,20.62,52.7,1.5,2.83,1.27,9.1,0.16,None,None,Somewhat poorly drained,16.35,sil,sil,25.6,200
168593,QUE002478,40.72819,-83.09294,147,OH033,TrA,Tiro silt loam; 0 to 2 percent slopes,0.18,14.16,0,NA,0,6.17,26.68,20.62,52.7,1.5,2.83,1.27,9.1,0.16,None,None,Somewhat poorly drained,16.35,sil,sil,25.6,200
169076,QUE002481,41.55096,-84.35846,146,OH051,DfA,Del Rey silt loam; 0 to 3 percent slopes,6.27,18.91,0,NA,0,6.59,33.62,18.89,47.49,1.51,3.75,0.94,2.98,0.17,None,None,Somewhat poorly drained,16.91,sil,sil,22.11,152
169076,QUE002487,41.55184,-84.35523,146,OH051,DfA,Del Rey silt loam; 0 to 3 percent slopes,6.27,18.91,0,NA,0,6.59,33.62,18.89,47.49,1.51,3.75,0.94,2.98,0.17,None,None,Somewhat poorly drained,16.91,sil,sil,22.11,152
169080,QUE002494,41.55399,-84.36051,146,OH051,FtA,Fulton silty clay loam; 0 to 2 percent slopes,8.2,24.82,0,NA,0,6.6,42.59,8.95,48.46,1.55,6.81,0.72,1.3,0.13,None,None,Somewhat poorly drained,13.24,sicl,sicl,18.44,152
169094,QUE002484,41.55111,-84.35754,146,OH051,Lf,Lenawee silty clay loam; 0 to 1 percent slopes,1.54,19.92,0.18,NA,0,7.04,35,14,51,1.56,4.59,2.24,0.05,0.12,Frequent,None,Poorly drained,12,sicl,sicl,23.33,203
169094,QUE002488,41.55179,-84.35439,146,OH051,Lf,Lenawee silty clay loam; 0 to 1 percent slopes,1.54,19.92,0.18,NA,0,7.04,35,14,51,1.56,4.59,2.24,0.05,0.12,Frequent,None,Poorly drained,12,sicl,sicl,23.33,203
169094,QUE002492,41.55453,-84.35494,146,OH051,Lf,Lenawee silty clay loam; 0 to 1 percent slopes,1.54,19.92,0.18,NA,0,7.04,35,14,51,1.56,4.59,2.24,0.05,0.12,Frequent,None,Poorly drained,12,sicl,sicl,23.33,203
169094,QUE002480,41.55069,-84.35969,146,OH051,Lf,Lenawee silty clay loam; 0 to 1 percent slopes,1.54,19.92,0.18,NA,0,7.04,35,14,51,1.56,4.59,2.24,0.05,0.12,Frequent,None,Poorly drained,12,sicl,sicl,23.33,203
169094,QUE002493,41.5522,-84.35895,146,OH051,Lf,Lenawee silty clay loam; 0 to 1 percent slopes,1.54,19.92,0.18,NA,0,7.04,35,14,51,1.56,4.59,2.24,0.05,0.12,Frequent,None,Poorly drained,12,sicl,sicl,23.33,203
169899,QUE002467,40.04436,-83.47891,148,OH097,Ko,Kokomo silty clay loam; 0 to 2 percent slopes,0,27.9,0,NA,0,6.42,34.6,21.44,43.96,1.48,5.18,2.34,2.82,0.16,Frequent,None,Very poorly drained,15.4,sicl,sicl,27.92,200
169899,QUE002463,40.04521,-83.47924,148,OH097,Ko,Kokomo silty clay loam; 0 to 2 percent slopes,0,27.9,0,NA,0,6.42,34.6,21.44,43.96,1.48,5.18,2.34,2.82,0.16,Frequent,None,Very poorly drained,15.4,sicl,sicl,27.92,200
169899,QUE002460,40.0436,-83.47987,148,OH097,Ko,Kokomo silty clay loam; 0 to 2 percent slopes,0,27.9,0,NA,0,6.42,34.6,21.44,43.96,1.48,5.18,2.34,2.82,0.16,Frequent,None,Very poorly drained,15.4,sicl,sicl,27.92,200
183392,QUE001729,41.82057,-88.05048,147,IL043,298A,Beecher silt loam; 0 to 2 percent slopes,1.32,15.2,0.2,NA,0,6.96,32.22,8.94,58.84,1.51,2.83,1.25,3.92,0.15,None,None,Somewhat poorly drained,14.83,sil,sil,17.19,NA
183393,QUE001629,41.81671,-88.0628,143,IL043,298B,Beecher silt loam; 2 to 4 percent slopes,1.32,15.2,0.2,NA,0,6.96,32.22,8.94,58.84,1.51,2.83,1.25,3.92,0.15,None,None,Somewhat poorly drained,14.83,sil,sil,17.19,NA
183395,QUE002536,41.82643,-87.93114,148,IL043,3107A,Sawmill silty clay loam; heavy till plain; 0 to 2 percent slopes; frequently flooded,0,24.96,1,NA,0,6.73,30.75,9.65,59.6,1.37,4.45,1.89,9.17,0.18,Frequent,Frequent,Poorly drained,17.78,sicl,sicl,28.73,165
183395,QUE002539,41.82445,-87.93334,148,IL043,3107A,Sawmill silty clay loam; heavy till plain; 0 to 2 percent slopes; frequently flooded,0,24.96,1,NA,0,6.73,30.75,9.65,59.6,1.37,4.45,1.89,9.17,0.18,Frequent,Frequent,Poorly drained,17.78,sicl,sicl,28.73,165
183395,QUE002542,41.82484,-87.93243,148,IL043,3107A,Sawmill silty clay loam; heavy till plain; 0 to 2 percent slopes; frequently flooded,0,24.96,1,NA,0,6.73,30.75,9.65,59.6,1.37,4.45,1.89,9.17,0.18,Frequent,Frequent,Poorly drained,17.78,sicl,sicl,28.73,165
183402,QUE002555,41.82584,-87.93339,148,IL043,327B,Fox silt loam; 2 to 4 percent slopes,12.95,11.63,0,NA,0,7.62,20.77,48.58,30.65,1.56,3.09,0.47,129.3,0.13,None,None,Well drained,12.93,sil,sil,19.46,NA
183402,QUE002535,41.82519,-87.93085,148,IL043,327B,Fox silt loam; 2 to 4 percent slopes,12.95,11.63,0,NA,0,7.62,20.77,48.58,30.65,1.56,3.09,0.47,129.3,0.13,None,None,Well drained,12.93,sil,sil,19.46,NA
183402,QUE002558,41.82545,-87.93266,148,IL043,327B,Fox silt loam; 2 to 4 percent slopes,12.95,11.63,0,NA,0,7.62,20.77,48.58,30.65,1.56,3.09,0.47,129.3,0.13,None,None,Well drained,12.93,sil,sil,19.46,NA
183402,QUE002544,41.82534,-87.93216,148,IL043,327B,Fox silt loam; 2 to 4 percent slopes,12.95,11.63,0,NA,0,7.62,20.77,48.58,30.65,1.56,3.09,0.47,129.3,0.13,None,None,Well drained,12.93,sil,sil,19.46,NA
183402,QUE002559,41.82556,-87.93279,148,IL043,327B,Fox silt loam; 2 to 4 percent slopes,12.95,11.63,0,NA,0,7.62,20.77,48.58,30.65,1.56,3.09,0.47,129.3,0.13,None,None,Well drained,12.93,sil,sil,19.46,NA
183423,QUE001611,41.81345,-88.06309,143,IL043,530C2,Ozaukee silt loam; 4 to 6 percent slopes; eroded,4.3,15.77,0,NA,0,7.11,35.58,11.64,52.78,1.57,2.72,0.64,3.07,0.13,None,None,Moderately well drained,13.16,sil,sil,17.84,152
183423,QUE001630,41.81672,-88.06216,144,IL043,530C2,Ozaukee silt loam; 4 to 6 percent slopes; eroded,4.3,15.77,0,NA,0,7.11,35.58,11.64,52.78,1.57,2.72,0.64,3.07,0.13,None,None,Moderately well drained,13.16,sil,sil,17.84,152
183423,QUE001610,41.81347,-88.06293,143,IL043,530C2,Ozaukee silt loam; 4 to 6 percent slopes; eroded,4.3,15.77,0,NA,0,7.11,35.58,11.64,52.78,1.57,2.72,0.64,3.07,0.13,None,None,Moderately well drained,13.16,sil,sil,17.84,152
183423,QUE002556,41.82472,-87.96408,148,IL043,530C2,Ozaukee silt loam; 4 to 6 percent slopes; eroded,4.3,15.77,0,NA,0,7.11,35.58,11.64,52.78,1.57,2.72,0.64,3.07,0.13,None,None,Moderately well drained,13.16,sil,sil,17.84,152
183424,QUE001728,41.82069,-88.05,147,IL043,530D2,Ozaukee silt loam; 6 to 12 percent slopes; eroded,5.95,15.28,0,NA,0,6.9,33.9,12.13,53.97,1.58,2.67,0.65,3.78,0.14,None,None,Moderately well drained,13.72,sil,sil,18.38,NA
186213,QUE000128,41.864917,-86.35075,136,MI021,W,Water,NA,NA,NA,NA,NA,NA,NA,NA,NA,NA,NA,NA,NA,NA,NA,NA,NA,NA,NA,NA,NA,NA
186292,QUE002313,41.86308,-85.74551,137,MI149,5C,Spinks loamy sand; 6 to 12 percent slopes,0,2.41,0.05,NA,0,6.06,4.01,86.38,9.6,1.66,0.25,0.44,55,0.08,None,None,Well drained,8.81,ls,ls,17.5,203
186292,QUE002319,41.86398,-85.74573,137,MI149,5C,Spinks loamy sand; 6 to 12 percent slopes,0,2.41,0.05,NA,0,6.06,4.01,86.38,9.6,1.66,0.25,0.44,55,0.08,None,None,Well drained,8.81,ls,ls,17.5,203
186292,QUE002315,41.86175,-85.74576,137,MI149,5C,Spinks loamy sand; 6 to 12 percent slopes,0,2.41,0.05,NA,0,6.06,4.01,86.38,9.6,1.66,0.25,0.44,55,0.08,None,None,Well drained,8.81,ls,ls,17.5,203
186293,QUE002324,41.86993,-85.74568,137,MI149,5D,Spinks loamy sand; 12 to 18 percent slopes,0,2.35,0.05,NA,0,6.06,4.01,86.45,9.54,1.66,0.25,0.42,55,0.08,None,None,Well drained,8.7,ls,ls,17.37,203
186406,QUE002360,42.79514,-84.39266,127,MI037,W,Water,NA,NA,NA,NA,NA,NA,NA,NA,NA,NA,NA,NA,NA,NA,NA,NA,NA,NA,NA,NA,NA,NA
186526,QUE002335,43.85714,-83.92524,135,MI017,13,Belleville loamy sand,0,2.12,0,NA,0,6.36,5.72,85.83,8.45,1.47,0.38,1.64,83.74,0.09,Frequent,None,Poorly drained,9.47,ls,ls,27.95,203
186541,QUE002326,43.85323,-83.923,135,MI017,55,Aquents; sandy and loamy,0,5.1,0,NA,0,5.9,7,91.7,1.3,1.53,0.5,0.25,92,0.06,Frequent,None,Very poorly drained,6,fs,fs,12.18,203
186545,QUE002331,43.84822,-83.92385,135,MI017,59,Tobico fine sand,0.15,4.3,0,NA,0,6.88,5,94.4,0.6,1.46,0.42,1.2,91.74,0.1,Frequent,None,Poorly drained,9.95,fs,fs,16.37,203
186745,QUE002355,42.76662,-84.39114,127,MI065,OtB,Oshtemo-Spinks loamy sands; 0 to 6 percent slopes,0,5.98,0,NA,0,6.31,8.87,79.73,11.4,1.5,1.5,0.81,58.74,0.1,None,None,Well drained,10.7,ls,ls,14.16,152
186746,QUE002351,42.76807,-84.39044,127,MI065,OtC,Oshtemo-Spinks loamy sands; 6 to 12 percent slopes,0,5.97,0,NA,0,6.31,9.3,79.19,11.51,1.5,1.5,0.73,55.16,0.11,None,None,Well drained,10.77,ls,ls,13.9,152
186749,QUE002346,42.76774,-84.39124,127,MI065,PmsacA,Palms muck; 0 to 1 percent slopes,1.45,72.18,0.46,NA,0,7.4,10,25,65,0.71,0.7,32.6,9.41,0.34,Frequent,None,Very poorly drained,33.63,muck,sil,55.08,203
186749,QUE002347,42.76743,-84.3908,127,MI065,PmsacA,Palms muck; 0 to 1 percent slopes,1.45,72.18,0.46,NA,0,7.4,10,25,65,0.71,0.7,32.6,9.41,0.34,Frequent,None,Very poorly drained,33.63,muck,sil,55.08,203
186749,QUE002362,42.76512,-84.38236,127,MI065,PmsacA,Palms muck; 0 to 1 percent slopes,1.45,72.18,0.46,NA,0,7.4,10,25,65,0.71,0.7,32.6,9.41,0.34,Frequent,None,Very poorly drained,33.63,muck,sil,55.08,203
186749,QUE002361,42.76526,-84.38254,127,MI065,PmsacA,Palms muck; 0 to 1 percent slopes,1.45,72.18,0.46,NA,0,7.4,10,25,65,0.71,0.7,32.6,9.41,0.34,Frequent,None,Very poorly drained,33.63,muck,sil,55.08,203
186759,QUE002356,42.76512,-84.38902,127,MI065,ThA,Thetford loamy sand; 0 to 3 percent slopes,0,4.5,0,NA,0,6.62,8.81,87.78,3.41,1.51,1.5,0.81,34.5,0.08,None,None,Somewhat poorly drained,8.87,ls,ls,13.4,152
191650,QUE002341,42.30153,-83.75108,129,MI161,MmF,Miami loam; 25 to 35 percent slopes,3.6,13.94,0,NA,0,6.44,25.14,38.58,36.28,1.51,2.94,0.56,7.49,0.19,None,None,Well drained,18,l,l,26.01,152
191650,QUE002339,42.30204,-83.75024,129,MI161,MmF,Miami loam; 25 to 35 percent slopes,3.6,13.94,0,NA,0,6.44,25.14,38.58,36.28,1.51,2.94,0.56,7.49,0.19,None,None,Well drained,18,l,l,26.01,152
191668,QUE002342,42.30881,-83.75718,129,MI161,Sb,Sebewa loam; disintegration moraine; 0 to 2 percent slopes,3.15,19.31,0,NA,0,7.05,23.94,50.91,25.15,1.5,3.04,1.64,21.56,0.15,Frequent,None,Poorly drained,14.8,l,l,17.86,NA
191668,QUE002338,42.30404,-83.74966,129,MI161,Sb,Sebewa loam; disintegration moraine; 0 to 2 percent slopes,3.15,19.31,0,NA,0,7.05,23.94,50.91,25.15,1.5,3.04,1.64,21.56,0.15,Frequent,None,Poorly drained,14.8,l,l,17.86,NA
191668,QUE002336,42.30836,-83.75671,129,MI161,Sb,Sebewa loam; disintegration moraine; 0 to 2 percent slopes,3.15,19.31,0,NA,0,7.05,23.94,50.91,25.15,1.5,3.04,1.64,21.56,0.15,Frequent,None,Poorly drained,14.8,l,l,17.86,NA
191687,QUE002337,42.30474,-83.7508,129,MI161,WaA,Wasepi sandy loam; 0 to 4 percent slopes,0.8,5.82,0,NA,0,6.77,10.47,72.65,16.88,1.37,1.5,0.88,54.4,0.12,None,None,Somewhat poorly drained,12.11,sl,sl,13.75,152
198805,QUE001360,41.7895934,-88.272206,143,IL089,152A,Drummer silty clay loam; 0 to 2 percent slopes,0,26.8,0,NA,0,6.7,31,8,61,1.32,4,2.75,9.17,0.17,Frequent,None,Poorly drained,17.39,sicl,sicl,28.59,152
198805,QUE001359,41.7905251,-88.266149,141,IL089,152A,Drummer silty clay loam; 0 to 2 percent slopes,0,26.8,0,NA,0,6.7,31,8,61,1.32,4,2.75,9.17,0.17,Frequent,None,Poorly drained,17.39,sicl,sicl,28.59,152
198818,QUE001353,41.7871378,-88.272995,143,IL089,219A,Millbrook silt loam; 0 to 2 percent slopes,0,17.41,NA,15.2,0,5.66,25.9,19.54,54.56,1.55,2.58,0.94,9.17,0.19,None,None,Somewhat poorly drained,19.18,sil,sil,38.12,165
198818,QUE001355,41.7871378,-88.272995,143,IL089,219A,Millbrook silt loam; 0 to 2 percent slopes,0,17.41,NA,15.2,0,5.66,25.9,19.54,54.56,1.55,2.58,0.94,9.17,0.19,None,None,Somewhat poorly drained,19.18,sil,sil,38.12,165
198818,QUE001356,41.7873037,-88.273141,143,IL089,219A,Millbrook silt loam; 0 to 2 percent slopes,0,17.41,NA,15.2,0,5.66,25.9,19.54,54.56,1.55,2.58,0.94,9.17,0.19,None,None,Somewhat poorly drained,19.18,sil,sil,38.12,165
198818,QUE001357,41.7873037,-88.273045,143,IL089,219A,Millbrook silt loam; 0 to 2 percent slopes,0,17.41,NA,15.2,0,5.66,25.9,19.54,54.56,1.55,2.58,0.94,9.17,0.19,None,None,Somewhat poorly drained,19.18,sil,sil,38.12,165
198818,QUE001354,41.7871378,-88.272995,143,IL089,219A,Millbrook silt loam; 0 to 2 percent slopes,0,17.41,NA,15.2,0,5.66,25.9,19.54,54.56,1.55,2.58,0.94,9.17,0.19,None,None,Somewhat poorly drained,19.18,sil,sil,38.12,165
198818,QUE001361,41.7872724,-88.271006,143,IL089,219A,Millbrook silt loam; 0 to 2 percent slopes,0,17.41,NA,15.2,0,5.66,25.9,19.54,54.56,1.55,2.58,0.94,9.17,0.19,None,None,Somewhat poorly drained,19.18,sil,sil,38.12,165
199539,QUE002084,37.51726,-89.44584,174,IL181,8085A,Jacob silty clay; 0 to 2 percent slopes; occasionally flooded,0,51.7,0,39,0,4.72,66.45,2.45,31.1,1.4,17,2.1,0.28,0.12,Occasional,Occasional,Poorly drained,12,sic,sic,24.36,203
199539,QUE002082,37.51639,-89.44535,174,IL181,8085A,Jacob silty clay; 0 to 2 percent slopes; occasionally flooded,0,51.7,0,39,0,4.72,66.45,2.45,31.1,1.4,17,2.1,0.28,0.12,Occasional,Occasional,Poorly drained,12,sic,sic,24.36,203
199539,QUE002083,37.51651,-89.44542,174,IL181,8085A,Jacob silty clay; 0 to 2 percent slopes; occasionally flooded,0,51.7,0,39,0,4.72,66.45,2.45,31.1,1.4,17,2.1,0.28,0.12,Occasional,Occasional,Poorly drained,12,sic,sic,24.36,203
199539,QUE002081,37.51492,-89.4445,174,IL181,8085A,Jacob silty clay; 0 to 2 percent slopes; occasionally flooded,0,51.7,0,39,0,4.72,66.45,2.45,31.1,1.4,17,2.1,0.28,0.12,Occasional,Occasional,Poorly drained,12,sic,sic,24.36,203
200200,QUE002072,39.839311,-88.367745,157,IL041,618F,Senachwine silt loam; 18 to 35 percent slopes,6.2,13.82,0.2,NA,0,6.76,26.26,30.17,43.57,1.57,2.44,0.57,7.01,0.13,None,None,Well drained,13.51,sil,sil,18.99,152
200200,QUE002073,39.839311,-88.367745,157,IL041,618F,Senachwine silt loam; 18 to 35 percent slopes,6.2,13.82,0.2,NA,0,6.76,26.26,30.17,43.57,1.57,2.44,0.57,7.01,0.13,None,None,Well drained,13.51,sil,sil,18.99,152
200200,QUE002074,39.839311,-88.367745,157,IL041,618F,Senachwine silt loam; 18 to 35 percent slopes,6.2,13.82,0.2,NA,0,6.76,26.26,30.17,43.57,1.57,2.44,0.57,7.01,0.13,None,None,Well drained,13.51,sil,sil,18.99,152
200200,QUE002075,39.839311,-88.367745,157,IL041,618F,Senachwine silt loam; 18 to 35 percent slopes,6.2,13.82,0.2,NA,0,6.76,26.26,30.17,43.57,1.57,2.44,0.57,7.01,0.13,None,None,Well drained,13.51,sil,sil,18.99,152
200200,QUE002076,39.839311,-88.367745,157,IL041,618F,Senachwine silt loam; 18 to 35 percent slopes,6.2,13.82,0.2,NA,0,6.76,26.26,30.17,43.57,1.57,2.44,0.57,7.01,0.13,None,None,Well drained,13.51,sil,sil,18.99,152
272444,QUE002110,41.53273,-87.2948,154,IN089,BlA,Blount silt loam; Lake Michigan Lobe; 0 to 2 percent slopes,6.7,14.11,0,12.5,0,6.63,32.07,14.01,53.92,1.51,2.94,0.81,4.11,0.15,None,None,Somewhat poorly drained,14.45,sil,sil,18.67,NA
272444,QUE002114,41.53403,-87.29146,154,IN089,BlA,Blount silt loam; Lake Michigan Lobe; 0 to 2 percent slopes,6.7,14.11,0,12.5,0,6.63,32.07,14.01,53.92,1.51,2.94,0.81,4.11,0.15,None,None,Somewhat poorly drained,14.45,sil,sil,18.67,NA
272444,QUE002119,41.53239,-87.29708,154,IN089,BlA,Blount silt loam; Lake Michigan Lobe; 0 to 2 percent slopes,6.7,14.11,0,12.5,0,6.63,32.07,14.01,53.92,1.51,2.94,0.81,4.11,0.15,None,None,Somewhat poorly drained,14.45,sil,sil,18.67,NA
276600,QUE002132,42.1665869,-73.412025,122,MA003,272A,Hoosic gravelly fine sandy loam; 0 to 3 percent slopes,0,NA,0,6.16,0,5.17,3.79,80.56,15.65,1.47,1.5,0.95,113.83,0.05,None,None,Somewhat excessively drained,5.49,gr-fsl,gr-fsl,7.57,163
276600,QUE002133,42.1666494,-73.41209,122,MA003,272A,Hoosic gravelly fine sandy loam; 0 to 3 percent slopes,0,NA,0,6.16,0,5.17,3.79,80.56,15.65,1.47,1.5,0.95,113.83,0.05,None,None,Somewhat excessively drained,5.49,gr-fsl,gr-fsl,7.57,163
279234,QUE002161,44.7174297,-73.32585,135,VT013,BeB,Benson rocky silt loam; over shaly limestone; 3 to 8 percent slopes,0,10.86,0,NA,0,6.92,20,26.5,53.5,1.51,1.5,2.03,6.76,0.13,None,None,Somewhat excessively drained,7.15,sil,sil,8.17,NA
279244,QUE002164,44.7473055,-73.31218,135,VT013,CbA,Covington silty clay loam; 0 to 3 percent slopes,0,24.69,0,NA,0,6.78,67,9.3,23.7,1.36,7.5,2.61,0.31,0.12,None,None,Poorly drained,11.51,sicl,sicl,17.32,165
279245,QUE002160,44.6675241,-73.344894,135,VT013,CbB,Covington silty clay loam; 3 to 8 percent slopes,0,24.69,0,NA,0,6.78,67,9.3,23.7,1.36,7.5,2.61,0.31,0.12,None,None,Poorly drained,11.51,sicl,sicl,17.32,165
281273,QUE002150,44.2339356,-73.243122,135,VT001,Lh,Livingston clay,0,28.52,0,NA,0,6.51,72.75,8.12,19.13,1.37,4.5,2.55,1.09,0.11,None,None,Very poorly drained,11.65,c,c,17.75,157
281273,QUE002148,44.2343287,-73.243211,135,VT001,Lh,Livingston clay,0,28.52,0,NA,0,6.51,72.75,8.12,19.13,1.37,4.5,2.55,1.09,0.11,None,None,Very poorly drained,11.65,c,c,17.75,157
281287,QUE002141,43.9166704,-73.19356,122,VT001,Mv,Muck and Peat,0.35,131.58,0,NA,0,7,6.04,66.99,26.97,0.33,1.5,67.67,22.21,0.38,Frequent,None,Very poorly drained,36.98,muck,sil,54.22,160
281316,QUE002143,43.951352,-73.222777,123,VT001,VgB,Vergennes clay; 2 to 6 percent slopes,0,26.64,0,NA,0,6.86,72.53,8.67,18.8,1.37,4.5,1.4,0.82,0.11,None,None,Moderately well drained,10.69,c,c,16.46,165
281316,QUE002147,44.0059347,-73.148044,122,VT001,VgB,Vergennes clay; 2 to 6 percent slopes,0,26.64,0,NA,0,6.86,72.53,8.67,18.8,1.37,4.5,1.4,0.82,0.11,None,None,Moderately well drained,10.69,c,c,16.46,165
281316,QUE002149,44.2354233,-73.243422,135,VT001,VgB,Vergennes clay; 2 to 6 percent slopes,0,26.64,0,NA,0,6.86,72.53,8.67,18.8,1.37,4.5,1.4,0.82,0.11,None,None,Moderately well drained,10.69,c,c,16.46,165
281409,QUE002136,42.909897,-73.218712,130,VT003,18C,Windsor loamy sand; 8 to 15 percent slopes,0,0.1,0,2.17,0,5.24,0.78,86.95,12.27,1.45,0.08,4.24,100,0.09,None,None,Excessively drained,8.4,mpm,ls,10.9,165
281409,QUE002135,42.910269,-73.219522,130,VT003,18C,Windsor loamy sand; 8 to 15 percent slopes,0,0.1,0,2.17,0,5.24,0.78,86.95,12.27,1.45,0.08,4.24,100,0.09,None,None,Excessively drained,8.4,mpm,ls,10.9,165
281409,QUE002134,42.9102876,-73.219556,130,VT003,18C,Windsor loamy sand; 8 to 15 percent slopes,0,0.1,0,2.17,0,5.24,0.78,86.95,12.27,1.45,0.08,4.24,100,0.09,None,None,Excessively drained,8.4,mpm,ls,10.9,165
281687,QUE002157,44.44643,-73.220373,135,VT007,EwA,Enosburg and Whately soils; 0 to 3 percent slopes,0,8.64,0,NA,0,6.31,15.35,55.55,29.1,1.56,2.41,1.54,43.69,0.13,None,None,Poorly drained,13.46,fsl,fsl,23.65,165
281687,QUE002155,44.4463947,-73.220154,135,VT007,EwA,Enosburg and Whately soils; 0 to 3 percent slopes,0,8.64,0,NA,0,6.31,15.35,55.55,29.1,1.56,2.41,1.54,43.69,0.13,None,None,Poorly drained,13.46,fsl,fsl,23.65,165
281712,QUE002158,44.5802303,-73.163558,134,VT007,HnB,Hinesburg fine sandy loam; 3 to 8 percent slopes,0,3.99,0,NA,0,6.13,4.88,72.7,22.41,1.42,1.5,1.61,65.94,0.12,None,None,Well drained,11.74,fsl,fsl,23.63,165
281733,QUE002159,44.5792499,-73.165539,134,VT007,MuD,Munson and Belgrade silt loams; 12 to 25 percent slopes,0,12.4,0,NA,0,6.35,21.55,37.05,41.4,1.37,2.45,1.69,6.36,0.17,None,None,Moderately well drained,16.56,sil,sil,24.85,158
281761,QUE002151,44.2643368,-73.249727,137,VT007,VeB,Vergennes clay; 2 to 6 percent slopes,0,25.53,0,NA,0,7.05,72.52,8.68,18.8,1.37,4.5,1.29,0.77,0.11,None,None,Moderately well drained,10.71,c,c,16.32,165
281761,QUE002154,44.4006814,-73.23757,135,VT007,VeB,Vergennes clay; 2 to 6 percent slopes,0,25.53,0,NA,0,7.05,72.52,8.68,18.8,1.37,4.5,1.29,0.77,0.11,None,None,Moderately well drained,10.71,c,c,16.32,165
281761,QUE002153,44.4001175,-73.237528,135,VT007,VeB,Vergennes clay; 2 to 6 percent slopes,0,25.53,0,NA,0,7.05,72.52,8.68,18.8,1.37,4.5,1.29,0.77,0.11,None,None,Moderately well drained,10.71,c,c,16.32,165
282264,QUE002139,43.5836123,-73.202578,122,VT021,24,Pinnebog muck,0,136.5,0,NA,0,NA,5,70,25,0.33,NA,65,23.28,0.41,Frequent,None,Very poorly drained,39.37,muck,ls,62.3,152
282264,QUE002140,43.7432343,-73.04841,128,VT021,24,Pinnebog muck,0,136.5,0,NA,0,NA,5,70,25,0.33,NA,65,23.28,0.41,Frequent,None,Very poorly drained,39.37,muck,ls,62.3,152
282441,QUE002138,43.604683,-73.180401,129,VT021,71A,Castile gravelly fine sandy loam; 0 to 3 percent slopes,0,6.87,0,NA,0,6,8.31,71.89,19.8,1.42,1.5,2.37,48.82,0.07,None,None,Moderately well drained,7.24,gr-fsl,gr-fsl,8.4,152
282441,QUE002137,43.6034268,-73.181065,129,VT021,71A,Castile gravelly fine sandy loam; 0 to 3 percent slopes,0,6.87,0,NA,0,6,8.31,71.89,19.8,1.42,1.5,2.37,48.82,0.07,None,None,Moderately well drained,7.24,gr-fsl,gr-fsl,8.4,152
285938,QUE002129,41.9623302,-73.313005,129,CT600,107,Limerick and Lim soils,0,4.24,0,NA,0,6.35,6.35,44.49,49.16,1.32,1.5,0.88,17.09,0.17,None,Frequent,Poorly drained,16.93,sil,sil,27.27,165
285946,QUE002130,42.0161441,-73.335343,129,CT600,17,Timakwa and Natchaug soils; 0 to 2 percent slopes,0,140.99,0,NA,0,6.36,7.76,56.71,35.53,0.28,0.53,74.13,12.44,0.37,Frequent,Rare,Very poorly drained,33.87,muck,grv-lcos,42.08,174
381887,QUE001894,35.44376,-98.35451,193,OK015,Gm,Gracemont and Ezell soils; 0 to 1 percent slopes; frequently flooded,5.35,8.32,2.13,NA,1.94,8.04,11.95,71,17.06,1.53,1.5,0.6,44.66,0.13,None,Frequent,Somewhat poorly drained,13.44,fsl,fsl,23.89,177
381887,QUE001893,35.44809,-98.35347,193,OK015,Gm,Gracemont and Ezell soils; 0 to 1 percent slopes; frequently flooded,5.35,8.32,2.13,NA,1.94,8.04,11.95,71,17.06,1.53,1.5,0.6,44.66,0.13,None,Frequent,Somewhat poorly drained,13.44,fsl,fsl,23.89,177
381887,QUE001886,35.45351,-98.35412,193,OK015,Gm,Gracemont and Ezell soils; 0 to 1 percent slopes; frequently flooded,5.35,8.32,2.13,NA,1.94,8.04,11.95,71,17.06,1.53,1.5,0.6,44.66,0.13,None,Frequent,Somewhat poorly drained,13.44,fsl,fsl,23.89,177
381905,QUE001902,35.43854,-98.35497,193,OK015,NoD,Noble fine sandy loam; 3 to 8 percent slopes,0,8.5,0,NA,0,6.5,14,66.1,19.9,1.47,1.5,0.75,28.22,0.15,None,None,Well drained,14.44,fsl,fsl,26.18,183
381905,QUE001900,35.43874,-98.35495,193,OK015,NoD,Noble fine sandy loam; 3 to 8 percent slopes,0,8.5,0,NA,0,6.5,14,66.1,19.9,1.47,1.5,0.75,28.22,0.15,None,None,Well drained,14.44,fsl,fsl,26.18,183
381905,QUE001898,35.44085,-98.35471,193,OK015,NoD,Noble fine sandy loam; 3 to 8 percent slopes,0,8.5,0,NA,0,6.5,14,66.1,19.9,1.47,1.5,0.75,28.22,0.15,None,None,Well drained,14.44,fsl,fsl,26.18,183
382099,QUE001904,35.17705,-97.44921,195,OK027,32,Lomill silty clay; 0 to 1 percent slopes; occasionally flooded,0,25.9,0,NA,0,8.1,43.93,7.43,48.64,1.46,6.66,1.16,4.37,0.15,None,Occasional,Somewhat poorly drained,14.9,sic,sic,30.21,152
382099,QUE001912,35.17722,-97.45003,195,OK027,32,Lomill silty clay; 0 to 1 percent slopes; occasionally flooded,0,25.9,0,NA,0,8.1,43.93,7.43,48.64,1.46,6.66,1.16,4.37,0.15,None,Occasional,Somewhat poorly drained,14.9,sic,sic,30.21,152
382161,QUE001907,35.17688,-97.4497,195,OK027,97,Canadian fine sandy loam; 1 to 3 percent slopes; rarely flooded,0,7.38,0,NA,0,7.02,12.12,65.72,22.15,1.54,1.5,1.32,42.55,0.14,None,Rare,Well drained,13.02,fsl,fsl,21.84,163
393399,QUE001444,30.076389,-97.181667,221,TX021,AtD,Edge gravelly fine sandy loam; 3 to 8 percent slopes,0.19,17.7,1,NA,0,5.68,33.56,53.94,12.5,1.51,4.95,0.7,2.14,0.13,None,None,Well drained,13.43,gr-fsl,gr-fsl,28.44,203
393399,QUE001451,30.076389,-97.181667,221,TX021,AtD,Edge gravelly fine sandy loam; 3 to 8 percent slopes,0.19,17.7,1,NA,0,5.68,33.56,53.94,12.5,1.51,4.95,0.7,2.14,0.13,None,None,Well drained,13.43,gr-fsl,gr-fsl,28.44,203
393399,QUE001452,30.076389,-97.181667,221,TX021,AtD,Edge gravelly fine sandy loam; 3 to 8 percent slopes,0.19,17.7,1,NA,0,5.68,33.56,53.94,12.5,1.51,4.95,0.7,2.14,0.13,None,None,Well drained,13.43,gr-fsl,gr-fsl,28.44,203
395967,QUE002590,45.38953,-93.19485,124,MN003,SbC,Sartell fine sand; 6 to 12 percent slopes,0,2.19,0,NA,0,5.88,2.69,96.72,0.59,1.58,1.5,0.49,92,0.07,None,None,Excessively drained,6.89,fs,fs,10.01,152
396888,QUE002601,44.86798,-93.03203,148,MN037,857A,Urban land-Waukegan complex; 0 to 1 percent slopes,0,12.63,0,NA,0,6.44,17.57,33.69,48.74,1.49,1.5,1.42,33.07,0.16,None,None,NA,16.44,sil,sil,18,152
398415,QUE002608,45.4222222,-93.188056,124,MN059,Zu,Zimmerman fine sand; 1 to 6 percent slopes,0,2.9,0,NA,0,6.02,2.2,93.16,4.64,1.62,0.22,0.69,282,0.08,None,None,Somewhat excessively drained,8.02,fs,fs,15.27,203
398959,QUE002595,44.2244444,-93.528333,129,MN079,414,Hamel loam; 0 to 2 percent slopes,0,22.62,0,NA,0,6.5,26.81,36.58,36.61,1.29,3.26,4.14,6.69,0.19,None,None,Poorly drained,19.29,l,l,34.91,200
398973,QUE002427,44.36388,-93.93543,137,MN079,944C,Lester-Hawick-Storden complex; 6 to 12 percent slopes,5.21,11.26,0,NA,0,7.03,17.39,55.95,26.66,1.49,2.98,1.05,68.74,0.13,None,None,Well drained,13.13,l,l,18.99,152
398973,QUE002424,44.36388,-93.93543,137,MN079,944C,Lester-Hawick-Storden complex; 6 to 12 percent slopes,5.21,11.26,0,NA,0,7.03,17.39,55.95,26.66,1.49,2.98,1.05,68.74,0.13,None,None,Well drained,13.13,l,l,18.99,152
398973,QUE002430,44.36413,-93.93551,137,MN079,944C,Lester-Hawick-Storden complex; 6 to 12 percent slopes,5.21,11.26,0,NA,0,7.03,17.39,55.95,26.66,1.49,2.98,1.05,68.74,0.13,None,None,Well drained,13.13,l,l,18.99,152
400425,QUE002637,43.68836,-92.92859,134,MN099,1841,Hayfield loam; loamy substratum,0.87,10.96,0,NA,0,6.02,17.46,54.29,28.24,1.5,1.5,1.06,33.07,0.15,None,None,Somewhat poorly drained,14.87,l,l,19.35,152
400433,QUE002634,43.68461,-92.92134,134,MN099,1974,Coland; frequently flooded-Spillville; occasionally flooded complex; 0 to 2 percent slopes,0,22.55,0.1,NA,0,6.48,26.44,33.78,39.78,1.32,3.75,4.15,5.67,0.13,None,Frequent,Poorly drained,12.92,cl,cl,26.56,200
400433,QUE002641,43.68531,-92.92292,134,MN099,1974,Coland; frequently flooded-Spillville; occasionally flooded complex; 0 to 2 percent slopes,0,22.55,0.1,NA,0,6.48,26.44,33.78,39.78,1.32,3.75,4.15,5.67,0.13,None,Frequent,Poorly drained,12.92,cl,cl,26.56,200
400464,QUE002638,43.677,-92.93769,134,MN099,465,Kalmarville loam; frequently flooded,2,11.15,0,NA,0,7.3,14.25,63.68,22.07,1.44,1.5,0.75,23.25,0.17,None,Frequent,Poorly drained,18.54,l,l,56.36,152
400464,QUE002647,43.677,-92.93769,134,MN099,465,Kalmarville loam; frequently flooded,2,11.15,0,NA,0,7.3,14.25,63.68,22.07,1.44,1.5,0.75,23.25,0.17,None,Frequent,Poorly drained,18.54,l,l,56.36,152
400470,QUE002631,43.68481,-92.92696,134,MN099,516A,Dowagiac loam; 0 to 2 percent slopes,0,7.48,0,NA,0,6.13,19.43,53.18,27.4,1.53,2.97,0.45,31.2,0.12,None,None,Well drained,12.62,l,l,14.23,152
411278,QUE001800,42.02883,-93.63142,136,IA169,1314,Hanlon-Spillville complex; channeled; 0 to 2 percent slopes,0,19.95,0,NA,0,6.5,17.33,57.3,25.37,1.5,2.5,3.16,21.67,0.18,None,Frequent,Moderately well drained,18.21,fsl,fsl,27.57,152
411278,QUE002615,42.036203,-93.639256,136,IA169,1314,Hanlon-Spillville complex; channeled; 0 to 2 percent slopes,0,19.95,0,NA,0,6.5,17.33,57.3,25.37,1.5,2.5,3.16,21.67,0.18,None,Frequent,Moderately well drained,18.21,fsl,fsl,27.57,152
411278,QUE001792,42.02917,-93.6293,136,IA169,1314,Hanlon-Spillville complex; channeled; 0 to 2 percent slopes,0,19.95,0,NA,0,6.5,17.33,57.3,25.37,1.5,2.5,3.16,21.67,0.18,None,Frequent,Moderately well drained,18.21,fsl,fsl,27.57,152
411285,QUE001796,42.03033,-93.632,136,IA169,1585,Spillville-Coland complex; channeled; 0 to 2 percent slopes,0,29.16,0,NA,0,6.57,24.87,34.42,40.71,1.48,4.46,4.66,7,0.2,None,Frequent,Moderately well drained,20.08,l,l,29.73,152
411285,QUE002616,42.030898,-93.632418,136,IA169,1585,Spillville-Coland complex; channeled; 0 to 2 percent slopes,0,29.16,0,NA,0,6.57,24.87,34.42,40.71,1.48,4.46,4.66,7,0.2,None,Frequent,Moderately well drained,20.08,l,l,29.73,152
411320,QUE002617,42.023609,-93.633087,136,IA169,485,Spillville loam; 0 to 2 percent slopes; occasionally flooded,0,20.35,0,NA,0,6.7,24,40,36,1.34,3.1,2.73,9.17,0.19,None,Occasional,Somewhat poorly drained,18.85,l,l,35.87,200
413086,QUE001817,40.70648,-91.79381,165,IA177,425D,Keswick loam; 9 to 14 percent slopes,0,17.82,1,27.9,0,5.61,36.31,30.85,32.84,1.47,5.71,0.96,4.12,0.16,None,None,Somewhat poorly drained,16.12,l,l,30.17,NA
413090,QUE001819,40.70481,-91.79589,165,IA177,432D,Gorin silt loam; 9 to 14 percent slopes,0,14.18,0,24,0,5.5,38.87,13.6,47.52,1.37,5.5,0.83,2.66,0.17,None,None,Somewhat poorly drained,16.86,sil,sil,30.86,203
413152,QUE001816,40.70627,-91.79392,165,IA177,65G,Lindley loam; 25 to 40 percent slopes,1.2,21.4,1,NA,0,6.09,30.37,39.14,30.49,1.49,3.72,0.95,4.2,0.17,None,None,Well drained,15.42,l,l,30.77,200
413152,QUE001815,40.70625,-91.79392,165,IA177,65G,Lindley loam; 25 to 40 percent slopes,1.2,21.4,1,NA,0,6.09,30.37,39.14,30.49,1.49,3.72,0.95,4.2,0.17,None,None,Well drained,15.42,l,l,30.77,200
413152,QUE001814,40.7056,-91.79416,165,IA177,65G,Lindley loam; 25 to 40 percent slopes,1.2,21.4,1,NA,0,6.09,30.37,39.14,30.49,1.49,3.72,0.95,4.2,0.17,None,None,Well drained,15.42,l,l,30.77,200
424561,QUE002369,43.02128,-90.11695,134,WI049,DsC2,Newglarus silt loam; moderately deep; 6 to 12 percent slopes; moderately eroded,0,28.73,0,NA,0,6.54,39.05,10.08,50.87,1.35,5.48,0.62,4.94,0.17,None,None,Well drained,14.7,sil,sil,14.93,1
424561,QUE002368,43.01993,-90.11587,125,WI049,DsC2,Newglarus silt loam; moderately deep; 6 to 12 percent slopes; moderately eroded,0,28.73,0,NA,0,6.54,39.05,10.08,50.87,1.35,5.48,0.62,4.94,0.17,None,None,Well drained,14.7,sil,sil,14.93,1
424561,QUE002379,43.02037,-90.11654,125,WI049,DsC2,Newglarus silt loam; moderately deep; 6 to 12 percent slopes; moderately eroded,0,28.73,0,NA,0,6.54,39.05,10.08,50.87,1.35,5.48,0.62,4.94,0.17,None,None,Well drained,14.7,sil,sil,14.93,1
424571,QUE002365,43.01642,-90.11423,125,WI049,DtC2,Palsgrove silt loam; 6 to 12 percent slopes; moderately eroded,0,22.6,0,NA,0,6.27,28.5,7.5,64,1.38,3.92,0.86,9,0.2,None,None,Well drained,19.89,sil,sil,24.57,1
424571,QUE002366,43.01676,-90.11419,125,WI049,DtC2,Palsgrove silt loam; 6 to 12 percent slopes; moderately eroded,0,22.6,0,NA,0,6.27,28.5,7.5,64,1.38,3.92,0.86,9,0.2,None,None,Well drained,19.89,sil,sil,24.57,1
424571,QUE002364,43.01643,-90.11418,125,WI049,DtC2,Palsgrove silt loam; 6 to 12 percent slopes; moderately eroded,0,22.6,0,NA,0,6.27,28.5,7.5,64,1.38,3.92,0.86,9,0.2,None,None,Well drained,19.89,sil,sil,24.57,1
424571,QUE002383,43.01563,-90.11357,125,WI049,DtC2,Palsgrove silt loam; 6 to 12 percent slopes; moderately eroded,0,22.6,0,NA,0,6.27,28.5,7.5,64,1.38,3.92,0.86,9,0.2,None,None,Well drained,19.89,sil,sil,24.57,1
424708,QUE002371,43.02073,-90.11771,125,WI049,SoD2,Sogn and Dodgeville silt loams; shallow; 12 to 20 percent slopes; moderately eroded,8.57,22.06,NA,NA,0,7.03,26.34,22.49,51.16,1.32,2.48,2.92,16.2,0.19,None,None,Somewhat excessively drained,7.05,sil,sil,7.05,203
424708,QUE002373,43.0193,-90.11692,125,WI049,SoD2,Sogn and Dodgeville silt loams; shallow; 12 to 20 percent slopes; moderately eroded,8.57,22.06,NA,NA,0,7.03,26.34,22.49,51.16,1.32,2.48,2.92,16.2,0.19,None,None,Somewhat excessively drained,7.05,sil,sil,7.05,203
425812,QUE002400,43.01607,-88.43513,138,WI602,CeB,Casco loam; 2 to 6 percent slopes,7.87,8.97,0.1,0,0,7.53,10.92,69.87,19.21,1.55,1.15,0.6,164.71,0.09,None,None,Somewhat excessively drained,9.33,l,l,17.04,200
425812,QUE002399,43.01706,-88.43531,138,WI602,CeB,Casco loam; 2 to 6 percent slopes,7.87,8.97,0.1,0,0,7.53,10.92,69.87,19.21,1.55,1.15,0.6,164.71,0.09,None,None,Somewhat excessively drained,9.33,l,l,17.04,200
425812,QUE002392,43.01792,-88.43778,138,WI602,CeB,Casco loam; 2 to 6 percent slopes,7.87,8.97,0.1,0,0,7.53,10.92,69.87,19.21,1.55,1.15,0.6,164.71,0.09,None,None,Somewhat excessively drained,9.33,l,l,17.04,200
425817,QUE002385,43.01574,-88.44255,138,WI602,CrD,Casco-Rodman complex; 12-20 percent slopes,12.5,7.04,0.1,NA,NA,7.43,10.8,58.82,27.8,1.54,2.13,0.64,89.87,0.08,None,None,Well drained,8.18,l,l,13.12,152
425860,QUE002393,43.01838,-88.43741,138,WI602,JuA,Juneau silt loam; 1 to 3 percent slopes,0,13.4,0.1,NA,NA,6.7,15.8,13.02,71.18,1.32,2.82,1.34,9,0.21,None,Occasional,Well drained,20.92,sil,sil,29.32,152
425907,QUE002384,43.01546,-88.44251,138,WI602,PrA,Pistakee silt loam; 1 to 3 percent slopes,0,20.88,0.1,NA,NA,6.7,18.92,11.9,69.18,1.33,1.5,4.87,9,0.21,Occasional,Occasional,Somewhat poorly drained,20.54,sil,sil,36.94,152
428071,QUE002443,45.53088,-94.23989,129,MN145,1064,Rock outcrop-Lithic Eutrochrepts complex,NA,NA,NA,NA,NA,NA,NA,NA,NA,NA,NA,NA,NA,NA,None,None,NA,NA,NA,NA,NA,NA
428071,QUE002436,45.52997,-94.23644,129,MN145,1064,Rock outcrop-Lithic Eutrochrepts complex,NA,NA,NA,NA,NA,NA,NA,NA,NA,NA,NA,NA,NA,NA,None,None,NA,NA,NA,NA,NA,NA
428086,QUE002433,45.53,-94.23291,129,MN145,163B,Brainerd fine sandy loam; 1 to 4 percent slopes,0,7.87,0,NA,0,5.73,11.69,65,23.31,1.59,1.5,0.67,14.36,0.13,None,None,Moderately well drained,13.06,fsl,fsl,18.02,NA
429016,QUE001940,43.90232,-91.63887,133,MN169,198D,Rollingstone silt loam; 12 to 20 percent slopes,0,12.52,0,36,0,5.29,57.42,13.35,29.22,1.36,3.75,0.75,3,0.15,None,None,Well drained,14.75,sil,sil,20.99,152
429045,QUE001947,43.89142,-91.64893,129,MN169,388E,Churchtown silt loam; 20 to 30 percent slopes; moderately eroded,0,17.62,0,NA,0,6.2,21.81,13.17,65.02,1.47,2.51,0.8,9.17,0.2,None,None,Well drained,20.21,sil,sil,40.46,200
429045,QUE001943,43.89158,-91.64829,129,MN169,388E,Churchtown silt loam; 20 to 30 percent slopes; moderately eroded,0,17.62,0,NA,0,6.2,21.81,13.17,65.02,1.47,2.51,0.8,9.17,0.2,None,None,Well drained,20.21,sil,sil,40.46,200
429076,QUE001938,43.903,-91.63986,133,MN169,584F,Lamoille-Dorerton silt loams; 30 to 45 percent slopes,0,15.66,0,NA,0,6.54,24.55,39.71,35.74,1.38,2.66,1.05,9.8,0.14,None,None,Well drained,14.24,sil,sil,18.34,152
429076,QUE001937,43.90292,-91.63996,133,MN169,584F,Lamoille-Dorerton silt loams; 30 to 45 percent slopes,0,15.66,0,NA,0,6.54,24.55,39.71,35.74,1.38,2.66,1.05,9.8,0.14,None,None,Well drained,14.24,sil,sil,18.34,152
429660,QUE002599,44.2261111,-93.471944,131,MN131,414,Hamel loam; 0 to 2 percent slopes,0,22.62,0,NA,0,6.5,26.81,36.58,36.61,1.29,3.26,4.14,6.69,0.19,None,None,Poorly drained,19.29,l,l,34.91,200
435226,QUE002453,44.97771,-93.23801,148,MN053,U4A,Urban land-Udipsamments (cut and fill land) complex; 0 to 2 percent slopes,NA,NA,NA,NA,NA,NA,NA,NA,NA,NA,NA,NA,NA,NA,None,None,NA,NA,NA,NA,NA,NA
535199,QUE002092,38.73651,-86.41478,151,IN093,W,Water,NA,NA,NA,NA,NA,NA,NA,NA,NA,NA,NA,NA,NA,NA,NA,NA,NA,NA,NA,NA,NA,NA
535199,QUE002086,38.73625,-86.41245,154,IN093,W,Water,NA,NA,NA,NA,NA,NA,NA,NA,NA,NA,NA,NA,NA,NA,NA,NA,NA,NA,NA,NA,NA,NA
565498,QUE001463,34.933333,-92.414722,198,AR045,22,Muskogee silty clay loam; 3 to 8 percent slopes; severely eroded,0,42.5,0,20.59,0,5.74,38.7,6.18,55.12,1.34,5.97,0.38,1.87,0.18,None,None,Moderately well drained,17.66,sicl,sicl,33.34,198
566179,QUE001923,34.80348,-92.3259,205,AR119,LRE,Linker-Mountainburg association; 12 to 25 percent slopes; rocky,0,6.26,0.2,4.2,0,5.24,19.27,61.15,19.58,1.45,0.77,1.06,12.42,0.11,None,None,Well drained,9.11,gr-fsl,gr-fsl,9.11,1
566179,QUE001920,34.80306,-92.32555,205,AR119,LRE,Linker-Mountainburg association; 12 to 25 percent slopes; rocky,0,6.26,0.2,4.2,0,5.24,19.27,61.15,19.58,1.45,0.77,1.06,12.42,0.11,None,None,Well drained,9.11,gr-fsl,gr-fsl,9.11,1
566193,QUE001928,34.80445,-92.32612,205,AR119,Pe,Perry clay; 0 to 1 percent slopes; rarely flooded,0,35,0,35,0,6.3,68.5,1.8,29.7,1.3,15.58,0.87,0.21,0.15,None,Rare,Poorly drained,15,c,c,22.95,153
566193,QUE001927,34.80445,-92.3264,205,AR119,Pe,Perry clay; 0 to 1 percent slopes; rarely flooded,0,35,0,35,0,6.3,68.5,1.8,29.7,1.3,15.58,0.87,0.21,0.15,None,Rare,Poorly drained,15,c,c,22.95,153
566193,QUE001916,34.80384,-92.32634,205,AR119,Pe,Perry clay; 0 to 1 percent slopes; rarely flooded,0,35,0,35,0,6.3,68.5,1.8,29.7,1.3,15.58,0.87,0.21,0.15,None,Rare,Poorly drained,15,c,c,22.95,153
566193,QUE001922,34.8028,-92.32557,205,AR119,Pe,Perry clay; 0 to 1 percent slopes; rarely flooded,0,35,0,35,0,6.3,68.5,1.8,29.7,1.3,15.58,0.87,0.21,0.15,None,Rare,Poorly drained,15,c,c,22.95,153
566193,QUE001925,34.80427,-92.32652,205,AR119,Pe,Perry clay; 0 to 1 percent slopes; rarely flooded,0,35,0,35,0,6.3,68.5,1.8,29.7,1.3,15.58,0.87,0.21,0.15,None,Rare,Poorly drained,15,c,c,22.95,153
566193,QUE001918,34.80299,-92.32599,205,AR119,Pe,Perry clay; 0 to 1 percent slopes; rarely flooded,0,35,0,35,0,6.3,68.5,1.8,29.7,1.3,15.58,0.87,0.21,0.15,None,Rare,Poorly drained,15,c,c,22.95,153
566193,QUE001915,34.80412,-92.32674,205,AR119,Pe,Perry clay; 0 to 1 percent slopes; rarely flooded,0,35,0,35,0,6.3,68.5,1.8,29.7,1.3,15.58,0.87,0.21,0.15,None,Rare,Poorly drained,15,c,c,22.95,153
566193,QUE001924,34.80377,-92.32698,205,AR119,Pe,Perry clay; 0 to 1 percent slopes; rarely flooded,0,35,0,35,0,6.3,68.5,1.8,29.7,1.3,15.58,0.87,0.21,0.15,None,Rare,Poorly drained,15,c,c,22.95,153
572317,QUE002209,38.21813,-91.08355,160,MO071,60056,Bardley gravelly silt loam; 20 to 50 percent slopes,0,26.53,0.2,NA,0,6.13,50.35,14.75,34.9,1.48,7.2,0.84,2.72,0.12,None,None,Well drained,8.59,gr-sil,gr-sil,9.29,1
572317,QUE002210,38.21718,-91.08636,160,MO071,60056,Bardley gravelly silt loam; 20 to 50 percent slopes,0,26.53,0.2,NA,0,6.13,50.35,14.75,34.9,1.48,7.2,0.84,2.72,0.12,None,None,Well drained,8.59,gr-sil,gr-sil,9.29,1
623453,QUE001871,36.84354,-96.4292,184,OK113,58,Steedman-Lucien complex; 15 to 25 percent slopes,0,22.14,0,NA,0,6.72,36.85,17.82,45.33,1.55,5.17,1.13,5.57,0.15,None,None,Moderately well drained,10.13,st-sil,st-sil,10.67,122
623461,QUE001866,36.84474,-96.42621,184,OK113,66,Verdigris silt loam; 0 to 1 percent slopes; occasionally flooded,0,20.06,0.5,NA,0,6.5,23.87,15,61.13,1.51,3.14,2.49,9,0.21,None,Occasional,Well drained,19.71,sil,sil,38.98,200
623461,QUE001870,36.84435,-96.42725,184,OK113,66,Verdigris silt loam; 0 to 1 percent slopes; occasionally flooded,0,20.06,0.5,NA,0,6.5,23.87,15,61.13,1.51,3.14,2.49,9,0.21,None,Occasional,Well drained,19.71,sil,sil,38.98,200
623462,QUE001863,36.84504,-96.42526,184,OK113,67,Verdigris silt loam; 0 to 1 percent slopes; frequently flooded,0,19.9,0.5,NA,0,6.5,23.57,15,61.43,1.51,3.1,2.67,9,0.21,None,Frequent,Well drained,19.7,sil,sil,38.76,200
625371,QUE001980,46.02383,-91.14557,103,WI113,182C,Padus sandy loam; 6 to 15 percent slopes,0,6.63,0,3.6,0,5.44,6.96,64.64,28.4,1.55,0.53,0.85,11.65,0.13,None,None,Well drained,12.3,sl,sl,20.55,200
625371,QUE001982,46.0259,-91.14288,103,WI113,182C,Padus sandy loam; 6 to 15 percent slopes,0,6.63,0,3.6,0,5.44,6.96,64.64,28.4,1.55,0.53,0.85,11.65,0.13,None,None,Well drained,12.3,sl,sl,20.55,200
626794,QUE001985,46.0244,-91.12945,103,WI113,815A,Wormet sandy loam; 0 to 3 percent slopes,0,115.4,0,1.87,0,5.46,3.49,77.99,18.52,1.59,0.21,3.26,61.26,0.09,None,None,Somewhat poorly drained,9.58,mpm,sl,17.58,200
634362,QUE001539,42.183259,-87.914855,147,IL097,153A,Pella silty clay loam; 0 to 2 percent slopes,7.72,22.86,0,NA,0,7.35,28.21,15.84,55.95,1.42,3.62,2.06,9.61,0.17,Frequent,None,Poorly drained,17.38,sicl,sicl,33.01,152
634362,QUE001537,42.183259,-87.914855,147,IL097,153A,Pella silty clay loam; 0 to 2 percent slopes,7.72,22.86,0,NA,0,7.35,28.21,15.84,55.95,1.42,3.62,2.06,9.61,0.17,Frequent,None,Poorly drained,17.38,sicl,sicl,33.01,152
634362,QUE001538,42.183259,-87.914855,147,IL097,153A,Pella silty clay loam; 0 to 2 percent slopes,7.72,22.86,0,NA,0,7.35,28.21,15.84,55.95,1.42,3.62,2.06,9.61,0.17,Frequent,None,Poorly drained,17.38,sicl,sicl,33.01,152
634362,QUE002533,42.18369,-87.91427,147,IL097,153A,Pella silty clay loam; 0 to 2 percent slopes,7.72,22.86,0,NA,0,7.35,28.21,15.84,55.95,1.42,3.62,2.06,9.61,0.17,Frequent,None,Poorly drained,17.38,sicl,sicl,33.01,152
634362,QUE001545,42.184204,-87.913637,147,IL097,153A,Pella silty clay loam; 0 to 2 percent slopes,7.72,22.86,0,NA,0,7.35,28.21,15.84,55.95,1.42,3.62,2.06,9.61,0.17,Frequent,None,Poorly drained,17.38,sicl,sicl,33.01,152
634362,QUE001557,42.181465,-87.912833,147,IL097,153A,Pella silty clay loam; 0 to 2 percent slopes,7.72,22.86,0,NA,0,7.35,28.21,15.84,55.95,1.42,3.62,2.06,9.61,0.17,Frequent,None,Poorly drained,17.38,sicl,sicl,33.01,152
634362,QUE001543,42.184283,-87.914622,147,IL097,153A,Pella silty clay loam; 0 to 2 percent slopes,7.72,22.86,0,NA,0,7.35,28.21,15.84,55.95,1.42,3.62,2.06,9.61,0.17,Frequent,None,Poorly drained,17.38,sicl,sicl,33.01,152
634362,QUE002531,42.18361,-87.91519,147,IL097,153A,Pella silty clay loam; 0 to 2 percent slopes,7.72,22.86,0,NA,0,7.35,28.21,15.84,55.95,1.42,3.62,2.06,9.61,0.17,Frequent,None,Poorly drained,17.38,sicl,sicl,33.01,152
680863,QUE001352,40.9898984,-90.384677,151,IL095,86C2,Osco silt loam; 5 to 10 percent slopes; eroded,0,22.96,1,NA,0,5.98,29.16,3,67.84,1.39,4.33,0.96,9.17,0.2,None,None,Well drained,19.81,sil,sil,38.86,200
680863,QUE001333,40.989946,-90.383786,151,IL095,86C2,Osco silt loam; 5 to 10 percent slopes; eroded,0,22.96,1,NA,0,5.98,29.16,3,67.84,1.39,4.33,0.96,9.17,0.2,None,None,Well drained,19.81,sil,sil,38.86,200
680876,QUE001335,40.990945,-90.402384,151,IL095,257A,Clarksdale silt loam; 0 to 2 percent slopes,0,22.49,1,NA,0,6.19,29.76,4,66.24,1.43,4.39,0.75,5.42,0.19,None,None,Somewhat poorly drained,18.66,sil,sil,37.91,200
680876,QUE001334,40.990945,-90.402384,151,IL095,257A,Clarksdale silt loam; 0 to 2 percent slopes,0,22.49,1,NA,0,6.19,29.76,4,66.24,1.43,4.39,0.75,5.42,0.19,None,None,Somewhat poorly drained,18.66,sil,sil,37.91,200
680876,QUE001336,40.990945,-90.402384,151,IL095,257A,Clarksdale silt loam; 0 to 2 percent slopes,0,22.49,1,NA,0,6.19,29.76,4,66.24,1.43,4.39,0.75,5.42,0.19,None,None,Somewhat poorly drained,18.66,sil,sil,37.91,200
680952,QUE001340,40.9904574,-90.405752,151,IL095,279B,Rozetta silt loam; 2 to 5 percent slopes,0,21.26,1,NA,0,5.84,27.64,4,68.36,1.44,3.6,0.6,9.17,0.2,None,None,Well drained,19.96,sil,sil,30.84,152
680952,QUE001337,40.9904574,-90.405752,151,IL095,279B,Rozetta silt loam; 2 to 5 percent slopes,0,21.26,1,NA,0,5.84,27.64,4,68.36,1.44,3.6,0.6,9.17,0.2,None,None,Well drained,19.96,sil,sil,30.84,152
680952,QUE001338,40.9904574,-90.405752,151,IL095,279B,Rozetta silt loam; 2 to 5 percent slopes,0,21.26,1,NA,0,5.84,27.64,4,68.36,1.44,3.6,0.6,9.17,0.2,None,None,Well drained,19.96,sil,sil,30.84,152
680952,QUE001339,40.9904574,-90.405752,151,IL095,279B,Rozetta silt loam; 2 to 5 percent slopes,0,21.26,1,NA,0,5.84,27.64,4,68.36,1.44,3.6,0.6,9.17,0.2,None,None,Well drained,19.96,sil,sil,30.84,152
680952,QUE001343,40.989198,-90.398409,151,IL095,279B,Rozetta silt loam; 2 to 5 percent slopes,0,21.26,1,NA,0,5.84,27.64,4,68.36,1.44,3.6,0.6,9.17,0.2,None,None,Well drained,19.96,sil,sil,30.84,152
680953,QUE001344,40.9887178,-90.398239,151,IL095,279C2,Rozetta silt loam; 5 to 10 percent slopes; eroded,0,22.39,1,NA,0,5.59,29.44,4,66.56,1.44,3.93,0.41,9.17,0.2,None,None,Well drained,19.5,sil,sil,30.16,152
680953,QUE001341,40.9905535,-90.399817,151,IL095,279C2,Rozetta silt loam; 5 to 10 percent slopes; eroded,0,22.39,1,NA,0,5.59,29.44,4,66.56,1.44,3.93,0.41,9.17,0.2,None,None,Well drained,19.5,sil,sil,30.16,152
680953,QUE001342,40.9905535,-90.399817,151,IL095,279C2,Rozetta silt loam; 5 to 10 percent slopes; eroded,0,22.39,1,NA,0,5.59,29.44,4,66.56,1.44,3.93,0.41,9.17,0.2,None,None,Well drained,19.5,sil,sil,30.16,152
680953,QUE001348,40.9878018,-90.393579,151,IL095,279C2,Rozetta silt loam; 5 to 10 percent slopes; eroded,0,22.39,1,NA,0,5.59,29.44,4,66.56,1.44,3.93,0.41,9.17,0.2,None,None,Well drained,19.5,sil,sil,30.16,152
680953,QUE001345,40.9887178,-90.398239,151,IL095,279C2,Rozetta silt loam; 5 to 10 percent slopes; eroded,0,22.39,1,NA,0,5.59,29.44,4,66.56,1.44,3.93,0.41,9.17,0.2,None,None,Well drained,19.5,sil,sil,30.16,152
680953,QUE001346,40.9887178,-90.398239,151,IL095,279C2,Rozetta silt loam; 5 to 10 percent slopes; eroded,0,22.39,1,NA,0,5.59,29.44,4,66.56,1.44,3.93,0.41,9.17,0.2,None,None,Well drained,19.5,sil,sil,30.16,152
680953,QUE001347,40.9874915367221,-90.393722,151,IL095,279C2,Rozetta silt loam; 5 to 10 percent slopes; eroded,0,22.39,1,NA,0,5.59,29.44,4,66.56,1.44,3.93,0.41,9.17,0.2,None,None,Well drained,19.5,sil,sil,30.16,152
680953,QUE001349,40.9878018,-90.393579,151,IL095,279C2,Rozetta silt loam; 5 to 10 percent slopes; eroded,0,22.39,1,NA,0,5.59,29.44,4,66.56,1.44,3.93,0.41,9.17,0.2,None,None,Well drained,19.5,sil,sil,30.16,152
680953,QUE001350,40.987996,-90.393384,151,IL095,279C2,Rozetta silt loam; 5 to 10 percent slopes; eroded,0,22.39,1,NA,0,5.59,29.44,4,66.56,1.44,3.93,0.41,9.17,0.2,None,None,Well drained,19.5,sil,sil,30.16,152
680984,QUE001351,40.98879,-90.391843,151,IL095,675B,Greenbush silt loam; 2 to 5 percent slopes,0,22.37,1,NA,0,5.79,28,4,68,1.41,3.88,1.06,9.17,0.19,None,None,Well drained,19.37,sil,sil,38.18,200
753482,QUE002417,43.03966,-89.44229,117,WI025,DnC2,Dodge silt loam; 6 to 12 percent slopes; eroded,4,18.23,0.1,NA,0,6.33,23.84,17.01,59.16,1.47,2.96,0.51,7.15,0.18,None,None,Well drained,18.72,sil,sil,30.75,200
753482,QUE002410,43.03918,-89.43919,117,WI025,DnC2,Dodge silt loam; 6 to 12 percent slopes; eroded,4,18.23,0.1,NA,0,6.33,23.84,17.01,59.16,1.47,2.96,0.51,7.15,0.18,None,None,Well drained,18.72,sil,sil,30.75,200
753482,QUE002416,43.03971,-89.44242,117,WI025,DnC2,Dodge silt loam; 6 to 12 percent slopes; eroded,4,18.23,0.1,NA,0,6.33,23.84,17.01,59.16,1.47,2.96,0.51,7.15,0.18,None,None,Well drained,18.72,sil,sil,30.75,200
753482,QUE002411,43.03939,-89.43954,117,WI025,DnC2,Dodge silt loam; 6 to 12 percent slopes; eroded,4,18.23,0.1,NA,0,6.33,23.84,17.01,59.16,1.47,2.96,0.51,7.15,0.18,None,None,Well drained,18.72,sil,sil,30.75,200
753489,QUE002422,43.03713,-89.44103,117,WI025,DsB,Dresden silt loam; 2 to 6 percent slopes,1.6,12.29,0.1,NA,0,6.8,23.62,39.52,36.86,1.49,2.12,0.88,75.45,0.15,None,None,Well drained,14.88,sil,sil,21.46,NA
753505,QUE001758,43.10661,-89.80435,130,WI025,EmE2,Elkmound sandy loam; 20 to 30 percent slopes; eroded,0,7.48,NA,NA,0,5.5,11.86,66.99,21.15,1.54,1.5,0.77,19.91,0.14,None,None,Well drained,6.09,sl,sl,6.09,NA
753505,QUE001764,43.10661,-89.80337,130,WI025,EmE2,Elkmound sandy loam; 20 to 30 percent slopes; eroded,0,7.48,NA,NA,0,5.5,11.86,66.99,21.15,1.54,1.5,0.77,19.91,0.14,None,None,Well drained,6.09,sl,sl,6.09,NA
753580,QUE002404,43.03952,-89.43194,117,WI025,ShA,Salter sandy loam; wet variant; 0 to 3 percent slopes,0,9.13,0.1,2.19,0,5.51,10.41,61.21,28.38,1.57,1.5,0.56,19.96,0.14,None,None,Somewhat poorly drained,13.51,sl,sl,29.26,152
753584,QUE001778,43.10583,-89.8049,130,WI025,SvE2,Seaton silt loam; driftless valley; 20 to 30 percent slopes; moderately eroded,0,13.58,0,NA,0,5.92,16.96,15.36,67.68,1.43,1.76,0.4,9.15,0.21,None,None,Well drained,21.14,sil,sil,41.8,200
763030,QUE002560,42.257804,-87.881609,147,IL097,228A,Nappanee silt loam; 0 to 2 percent slopes,6.8,23.94,0,NA,0,7.59,41.02,11.34,47.64,1.56,3.9,0.65,2.35,0.11,None,None,Somewhat poorly drained,11.33,sil,sil,14.86,190
763030,QUE002564,42.257804,-87.881609,147,IL097,228A,Nappanee silt loam; 0 to 2 percent slopes,6.8,23.94,0,NA,0,7.59,41.02,11.34,47.64,1.56,3.9,0.65,2.35,0.11,None,None,Somewhat poorly drained,11.33,sil,sil,14.86,190
766065,QUE002253,38.9803,-94.80532,182,KS091,7462,Oska-Martin silty clay loams; 4 to 8 percent slopes,0,31.87,0.14,NA,0,6.51,42.95,4.78,52.27,1.37,7.74,1.48,1.23,0.14,None,None,Well drained,12.37,sicl,sicl,17.13,129
766065,QUE002252,38.98014,-94.80504,182,KS091,7462,Oska-Martin silty clay loams; 4 to 8 percent slopes,0,31.87,0.14,NA,0,6.51,42.95,4.78,52.27,1.37,7.74,1.48,1.23,0.14,None,None,Well drained,12.37,sicl,sicl,17.13,129
766075,QUE002240,38.97934,-94.80537,182,KS091,7658,Vinland-Rock outcrop complex; 15 to 45 percent slopes,0,23.29,0.1,NA,0,6.7,28.88,15.42,55.7,1.38,4.09,1.76,3.66,0.21,None,None,Somewhat excessively drained,8.83,sil,sil,8.83,NA
766075,QUE002239,38.97934,-94.80537,182,KS091,7658,Vinland-Rock outcrop complex; 15 to 45 percent slopes,0,23.29,0.1,NA,0,6.7,28.88,15.42,55.7,1.38,4.09,1.76,3.66,0.21,None,None,Somewhat excessively drained,8.83,sil,sil,8.83,NA
766075,QUE002251,38.98007,-94.8052,182,KS091,7658,Vinland-Rock outcrop complex; 15 to 45 percent slopes,0,23.29,0.1,NA,0,6.7,28.88,15.42,55.7,1.38,4.09,1.76,3.66,0.21,None,None,Somewhat excessively drained,8.83,sil,sil,8.83,NA
766075,QUE002247,38.97887,-94.80495,177,KS091,7658,Vinland-Rock outcrop complex; 15 to 45 percent slopes,0,23.29,0.1,NA,0,6.7,28.88,15.42,55.7,1.38,4.09,1.76,3.66,0.21,None,None,Somewhat excessively drained,8.83,sil,sil,8.83,NA
766075,QUE002232,38.97918,-94.80692,182,KS091,7658,Vinland-Rock outcrop complex; 15 to 45 percent slopes,0,23.29,0.1,NA,0,6.7,28.88,15.42,55.7,1.38,4.09,1.76,3.66,0.21,None,None,Somewhat excessively drained,8.83,sil,sil,8.83,NA
766075,QUE002256,38.98048,-94.80568,182,KS091,7658,Vinland-Rock outcrop complex; 15 to 45 percent slopes,0,23.29,0.1,NA,0,6.7,28.88,15.42,55.7,1.38,4.09,1.76,3.66,0.21,None,None,Somewhat excessively drained,8.83,sil,sil,8.83,NA
766075,QUE002261,38.9813,-94.80572,182,KS091,7658,Vinland-Rock outcrop complex; 15 to 45 percent slopes,0,23.29,0.1,NA,0,6.7,28.88,15.42,55.7,1.38,4.09,1.76,3.66,0.21,None,None,Somewhat excessively drained,8.83,sil,sil,8.83,NA
766075,QUE002229,38.97864,-94.80724,177,KS091,7658,Vinland-Rock outcrop complex; 15 to 45 percent slopes,0,23.29,0.1,NA,0,6.7,28.88,15.42,55.7,1.38,4.09,1.76,3.66,0.21,None,None,Somewhat excessively drained,8.83,sil,sil,8.83,NA
766075,QUE002265,38.98141,-94.81036,182,KS091,7658,Vinland-Rock outcrop complex; 15 to 45 percent slopes,0,23.29,0.1,NA,0,6.7,28.88,15.42,55.7,1.38,4.09,1.76,3.66,0.21,None,None,Somewhat excessively drained,8.83,sil,sil,8.83,NA
777731,QUE001554,42.175674,-87.914878,149,IL097,696A,Zurich silt loam; 0 to 2 percent slopes,3.32,20.08,0.1,NA,0,6.81,25.31,14.96,59.73,1.48,3.19,0.73,10.44,0.19,None,None,Moderately well drained,19.06,sil,sil,48.57,200
777731,QUE001552,42.17597,-87.91698,149,IL097,696A,Zurich silt loam; 0 to 2 percent slopes,3.32,20.08,0.1,NA,0,6.81,25.31,14.96,59.73,1.48,3.19,0.73,10.44,0.19,None,None,Moderately well drained,19.06,sil,sil,48.57,200
777731,QUE001556,42.175701,-87.914442,149,IL097,696A,Zurich silt loam; 0 to 2 percent slopes,3.32,20.08,0.1,NA,0,6.81,25.31,14.96,59.73,1.48,3.19,0.73,10.44,0.19,None,None,Moderately well drained,19.06,sil,sil,48.57,200
777731,QUE001551,42.17597,-87.91698,149,IL097,696A,Zurich silt loam; 0 to 2 percent slopes,3.32,20.08,0.1,NA,0,6.81,25.31,14.96,59.73,1.48,3.19,0.73,10.44,0.19,None,None,Moderately well drained,19.06,sil,sil,48.57,200
777732,QUE001547,42.183468,-87.9143,147,IL097,696B,Zurich silt loam; 2 to 4 percent slopes,3.14,16.31,0,NA,0,6.92,25.49,16.84,57.67,1.41,2.94,0.72,9.59,0.19,None,None,Moderately well drained,18.82,sil,sil,36.44,163
777732,QUE001548,42.183468,-87.9143,147,IL097,696B,Zurich silt loam; 2 to 4 percent slopes,3.14,16.31,0,NA,0,6.92,25.49,16.84,57.67,1.41,2.94,0.72,9.59,0.19,None,None,Moderately well drained,18.82,sil,sil,36.44,163
777732,QUE002534,42.18271,-87.91479,147,IL097,696B,Zurich silt loam; 2 to 4 percent slopes,3.14,16.31,0,NA,0,6.92,25.49,16.84,57.67,1.41,2.94,0.72,9.59,0.19,None,None,Moderately well drained,18.82,sil,sil,36.44,163
777732,QUE001546,42.183468,-87.9143,147,IL097,696B,Zurich silt loam; 2 to 4 percent slopes,3.14,16.31,0,NA,0,6.92,25.49,16.84,57.67,1.41,2.94,0.72,9.59,0.19,None,None,Moderately well drained,18.82,sil,sil,36.44,163
777732,QUE002521,42.18309,-87.91367,147,IL097,696B,Zurich silt loam; 2 to 4 percent slopes,3.14,16.31,0,NA,0,6.92,25.49,16.84,57.67,1.41,2.94,0.72,9.59,0.19,None,None,Moderately well drained,18.82,sil,sil,36.44,163
777732,QUE002522,42.18346,-87.91339,147,IL097,696B,Zurich silt loam; 2 to 4 percent slopes,3.14,16.31,0,NA,0,6.92,25.49,16.84,57.67,1.41,2.94,0.72,9.59,0.19,None,None,Moderately well drained,18.82,sil,sil,36.44,163
777732,QUE002526,42.18327,-87.91426,147,IL097,696B,Zurich silt loam; 2 to 4 percent slopes,3.14,16.31,0,NA,0,6.92,25.49,16.84,57.67,1.41,2.94,0.72,9.59,0.19,None,None,Moderately well drained,18.82,sil,sil,36.44,163
777732,QUE001553,42.174555,-87.912008,153,IL097,696B,Zurich silt loam; 2 to 4 percent slopes,3.14,16.31,0,NA,0,6.92,25.49,16.84,57.67,1.41,2.94,0.72,9.59,0.19,None,None,Moderately well drained,18.82,sil,sil,36.44,163
777737,QUE001540,42.183917,-87.91512,147,IL097,697A,Wauconda silt loam; 0 to 2 percent slopes,3.84,16.43,0,NA,0,7.39,23.69,17.01,59.3,1.35,2.7,1.1,9.59,0.19,None,None,Somewhat poorly drained,19.19,sil,sil,29.9,152
777737,QUE001544,42.185005,-87.913744,147,IL097,697A,Wauconda silt loam; 0 to 2 percent slopes,3.84,16.43,0,NA,0,7.39,23.69,17.01,59.3,1.35,2.7,1.1,9.59,0.19,None,None,Somewhat poorly drained,19.19,sil,sil,29.9,152
777737,QUE001541,42.183917,-87.91512,147,IL097,697A,Wauconda silt loam; 0 to 2 percent slopes,3.84,16.43,0,NA,0,7.39,23.69,17.01,59.3,1.35,2.7,1.1,9.59,0.19,None,None,Somewhat poorly drained,19.19,sil,sil,29.9,152
777737,QUE001542,42.183917,-87.91512,147,IL097,697A,Wauconda silt loam; 0 to 2 percent slopes,3.84,16.43,0,NA,0,7.39,23.69,17.01,59.3,1.35,2.7,1.1,9.59,0.19,None,None,Somewhat poorly drained,19.19,sil,sil,29.9,152
777737,QUE001550,42.177593,-87.920503,149,IL097,697A,Wauconda silt loam; 0 to 2 percent slopes,3.84,16.43,0,NA,0,7.39,23.69,17.01,59.3,1.35,2.7,1.1,9.59,0.19,None,None,Somewhat poorly drained,19.19,sil,sil,29.9,152
777737,QUE002527,42.18403,-87.91594,147,IL097,697A,Wauconda silt loam; 0 to 2 percent slopes,3.84,16.43,0,NA,0,7.39,23.69,17.01,59.3,1.35,2.7,1.1,9.59,0.19,None,None,Somewhat poorly drained,19.19,sil,sil,29.9,152
777737,QUE001549,42.181511,-87.918994,147,IL097,697A,Wauconda silt loam; 0 to 2 percent slopes,3.84,16.43,0,NA,0,7.39,23.69,17.01,59.3,1.35,2.7,1.1,9.59,0.19,None,None,Somewhat poorly drained,19.19,sil,sil,29.9,152
777743,QUE002529,42.18461,-87.91605,147,IL097,802B,Orthents; loamy; 1 to 6 percent slopes,0,14.19,0,NA,0,6.96,27.55,37.55,34.9,1.75,2.73,0.7,2.82,0.1,None,None,Well drained,10.47,l,l,20.78,200
777743,QUE002528,42.18431,-87.91628,147,IL097,802B,Orthents; loamy; 1 to 6 percent slopes,0,14.19,0,NA,0,6.96,27.55,37.55,34.9,1.75,2.73,0.7,2.82,0.1,None,None,Well drained,10.47,l,l,20.78,200
777745,QUE001555,42.175536,-87.914478,149,IL097,W,Water,NA,NA,NA,NA,NA,NA,NA,NA,NA,NA,NA,NA,NA,NA,NA,NA,NA,NA,NA,NA,NA,NA
868745,QUE002515,41.35763,-88.3248,147,IL063,556B,High Gap silt loam; 2 to 5 percent slopes,0,16.85,0,NA,0,6.5,25.34,31.7,42.96,1.48,3.08,0.96,8.55,0.19,None,None,Well drained,17.35,sil,sil,17.35,NA
868745,QUE002520,41.35823,-88.3248,147,IL063,556B,High Gap silt loam; 2 to 5 percent slopes,0,16.85,0,NA,0,6.5,25.34,31.7,42.96,1.48,3.08,0.96,8.55,0.19,None,None,Well drained,17.35,sil,sil,17.35,NA
1150981,QUE002059,38.963586,-98.58906,158,KS167,2234,Roxbury silt loam; channeled; frequently flooded,5,20.57,0.71,NA,0,7.86,25.31,12.43,62.26,1.36,3.44,2.14,6.66,0.22,None,Frequent,Well drained,21.27,sil,sil,42.42,200
1150981,QUE002058,38.963586,-98.58906,158,KS167,2234,Roxbury silt loam; channeled; frequently flooded,5,20.57,0.71,NA,0,7.86,25.31,12.43,62.26,1.36,3.44,2.14,6.66,0.22,None,Frequent,Well drained,21.27,sil,sil,42.42,200
1150981,QUE002057,38.963586,-98.58906,158,KS167,2234,Roxbury silt loam; channeled; frequently flooded,5,20.57,0.71,NA,0,7.86,25.31,12.43,62.26,1.36,3.44,2.14,6.66,0.22,None,Frequent,Well drained,21.27,sil,sil,42.42,200
1155385,QUE001862,36.84914,-96.4152,184,OK113,BBgC,Bartlesville-Bigheart complex; 1 to 5 percent slopes; very rocky,0,5.95,0,8.7,0,5.59,18.44,62.65,18.91,1.56,1.28,0.79,15.26,0.15,None,None,Moderately well drained,11.18,fsl,fsl,11.18,1
1155388,QUE001877,36.84541,-96.41918,184,OK113,NBRE,Niotaze-Bigheart-Rock outcrop complex; 3 to 15 percent slopes; very stony,0,27.4,0,2.55,0,5.65,24.06,43.72,32.23,1.53,3.7,0.5,6.59,0.13,None,None,Somewhat poorly drained,9.59,vfsl,vfsl,10.05,1
1382182,QUE002069,38.842944,-97.588909,162,KS169,2347,McCook silt loam; rarely flooded,8.25,7.1,0.43,NA,0,8.12,11.3,38.15,50.55,1.45,0.84,1.14,9,0.19,None,Rare,Well drained,18.36,sil,sil,32.16,200
1382182,QUE002068,38.842944,-97.588909,162,KS169,2347,McCook silt loam; rarely flooded,8.25,7.1,0.43,NA,0,8.12,11.3,38.15,50.55,1.45,0.84,1.14,9,0.19,None,Rare,Well drained,18.36,sil,sil,32.16,200
1399845,QUE002250,38.97394,-94.80509,177,KS091,7525,Chillicothe silt loam; 2 to 5 percent slopes,0,26.26,0.1,NA,0,6.4,34.22,4,61.78,1.35,5.62,1.54,3.09,0.16,None,None,Moderately well drained,14.84,sil,sil,25.04,NA
1468815,QUE002291,38.80803,-95.19508,171,KS045,7051,Kennebec silt loam; frequently flooded,0,22.64,0,NA,0,6.59,27.25,6.25,66.5,1.36,4.15,2.56,9,0.21,None,Frequent,Moderately well drained,20.37,sil,sil,30.5,152
1468815,QUE002290,38.80832,-95.19458,171,KS045,7051,Kennebec silt loam; frequently flooded,0,22.64,0,NA,0,6.59,27.25,6.25,66.5,1.36,4.15,2.56,9,0.21,None,Frequent,Moderately well drained,20.37,sil,sil,30.5,152
1468827,QUE002282,38.8096,-95.19265,171,KS045,7210,Basehor complex; 5 to 30 percent slopes,0,8.4,0,NA,0,5.8,13,51.67,35.33,1.38,1.13,0.58,21.03,0.18,None,None,Well drained,10.54,l,l,11.58,40
1468827,QUE002284,38.8087,-95.19389,171,KS045,7210,Basehor complex; 5 to 30 percent slopes,0,8.4,0,NA,0,5.8,13,51.67,35.33,1.38,1.13,0.58,21.03,0.18,None,None,Well drained,10.54,l,l,11.58,40
1468827,QUE002285,38.8087,-95.19389,171,KS045,7210,Basehor complex; 5 to 30 percent slopes,0,8.4,0,NA,0,5.8,13,51.67,35.33,1.38,1.13,0.58,21.03,0.18,None,None,Well drained,10.54,l,l,11.58,40
1468827,QUE002283,38.8096,-95.19265,171,KS045,7210,Basehor complex; 5 to 30 percent slopes,0,8.4,0,NA,0,5.8,13,51.67,35.33,1.38,1.13,0.58,21.03,0.18,None,None,Well drained,10.54,l,l,11.58,40
1468847,QUE002275,38.8089,-95.19019,171,KS045,7600,Sibleyville complex; 3 to 7 percent slopes,0,19.19,0,NA,0,6.3,23.11,43.38,33.5,1.39,3.26,1.59,7.66,0.17,None,None,Well drained,11.14,l,l,11.77,NA
1468847,QUE002269,38.80958,-95.18916,171,KS045,7600,Sibleyville complex; 3 to 7 percent slopes,0,19.19,0,NA,0,6.3,23.11,43.38,33.5,1.39,3.26,1.59,7.66,0.17,None,None,Well drained,11.14,l,l,11.77,NA
1468847,QUE002268,38.80951,-95.18855,171,KS045,7600,Sibleyville complex; 3 to 7 percent slopes,0,19.19,0,NA,0,6.3,23.11,43.38,33.5,1.39,3.26,1.59,7.66,0.17,None,None,Well drained,11.14,l,l,11.77,NA
1468847,QUE002267,38.80954,-95.18853,171,KS045,7600,Sibleyville complex; 3 to 7 percent slopes,0,19.19,0,NA,0,6.3,23.11,43.38,33.5,1.39,3.26,1.59,7.66,0.17,None,None,Well drained,11.14,l,l,11.77,NA
1472299,QUE002310,39.10761,-96.6074,153,KS161,4053,Ivan silty clay loam; channeled,5,21.13,0.5,NA,0,7.99,26.37,5.87,67.76,1.33,3.83,2.16,9,0.21,None,Frequent,Well drained,20.26,sicl,sicl,40.55,200
1472299,QUE002295,39.10709,-96.60772,153,KS161,4053,Ivan silty clay loam; channeled,5,21.13,0.5,NA,0,7.99,26.37,5.87,67.76,1.33,3.83,2.16,9,0.21,None,Frequent,Well drained,20.26,sicl,sicl,40.55,200
1472299,QUE002299,39.10691,-96.60616,153,KS161,4053,Ivan silty clay loam; channeled,5,21.13,0.5,NA,0,7.99,26.37,5.87,67.76,1.33,3.83,2.16,9,0.21,None,Frequent,Well drained,20.26,sicl,sicl,40.55,200
1472320,QUE002302,39.10339,-96.59616,153,KS161,4784,Tully silty clay loam; 3 to 7 percent slopes; eroded,0,34.98,0.33,NA,0,6.66,43.9,2.83,53.27,1.34,6.76,1.57,1.23,0.15,None,None,Well drained,15.08,sicl,sicl,30.56,200
1486923,QUE001720,39.9355,-89.80083,161,IL129,280gC2,Fayette silt loam; glaciated; 5 to 10 percent slopes; eroded,0,17.98,1,15.3,0,5.75,28.01,4,67.99,1.45,3.05,0.35,9.17,0.2,None,None,Well drained,19.78,sil,sil,30.67,152
1486923,QUE001721,39.93549,-89.80068,161,IL129,280gC2,Fayette silt loam; glaciated; 5 to 10 percent slopes; eroded,0,17.98,1,15.3,0,5.75,28.01,4,67.99,1.45,3.05,0.35,9.17,0.2,None,None,Well drained,19.78,sil,sil,30.67,152
1541809,QUE002518,41.35543,-88.31912,147,IL063,516A,Faxon silt loam; 0 to 2 percent slopes,1.45,20.89,0,NA,0,7.3,27.61,27.97,44.42,1.44,3.89,2.36,6.71,0.19,Frequent,None,Poorly drained,12.06,sil,sil,12.06,NA
1651539,QUE002096,38.73833,-86.41346,154,IN093,FknC2,Frederick-Crider silt loams; karst; 2 to 12 percent slopes; eroded complex,0,19.81,0,17.64,0,5.21,41.64,4.11,54.25,1.48,5.03,0.65,6.4,0.16,None,None,Well drained,16.04,sil,sil,27.09,203
1652078,QUE002091,38.73631,-86.41434,151,IN093,CbxG,Caneyville-Adyeville-Rock outcrop complex; 25 to 75 percent slopes,0,19.17,0,13.5,0,5.41,32.04,20.42,47.53,1.46,4.17,1.27,6.11,0.15,None,None,Well drained,11.52,sil,sil,11.52,152
1652078,QUE002098,38.73743,-86.41263,151,IN093,CbxG,Caneyville-Adyeville-Rock outcrop complex; 25 to 75 percent slopes,0,19.17,0,13.5,0,5.41,32.04,20.42,47.53,1.46,4.17,1.27,6.11,0.15,None,None,Well drained,11.52,sil,sil,11.52,152
1652078,QUE002087,38.73603,-86.41255,151,IN093,CbxG,Caneyville-Adyeville-Rock outcrop complex; 25 to 75 percent slopes,0,19.17,0,13.5,0,5.41,32.04,20.42,47.53,1.46,4.17,1.27,6.11,0.15,None,None,Well drained,11.52,sil,sil,11.52,152
1652078,QUE002085,38.7362,-86.41257,151,IN093,CbxG,Caneyville-Adyeville-Rock outcrop complex; 25 to 75 percent slopes,0,19.17,0,13.5,0,5.41,32.04,20.42,47.53,1.46,4.17,1.27,6.11,0.15,None,None,Well drained,11.52,sil,sil,11.52,152
1677198,QUE002450,44.99094,-93.19437,146,MN123,153B,Santiago silt loam; 2 to 6 percent slopes,0,10.21,0,NA,0,5.6,16.28,42.13,41.59,1.49,1.5,0.76,9,0.19,None,None,Well drained,19.12,sil,sil,25.9,152
1677280,QUE002445,44.98602,-93.18341,146,MN123,858C,Urban land-Chetek complex; 3 to 15 percent slopes,0,4.06,0,NA,0,6.2,6.77,80.33,12.9,1.63,1.5,0.38,62.56,0.07,None,None,NA,6.98,sl,sl,8.54,152
1725959,QUE001419,31.9652505,-92.783737,213,LA127,GY,Guyton silt loam; 0 to 1 percent slopes; frequently flooded,0,NA,1,9.96,0,5.3,22.72,9.88,67.4,1.52,1.7,1,4.84,0.21,None,Frequent,Poorly drained,20.59,sil,sil,40.16,203
2108701,QUE001529,41.725382,-87.86371,154,IL031,23A,Blount silt loam; Lake Michigan Lobe; 0 to 2 percent slopes,6.7,14.11,0,12.5,0,6.63,32.07,14.01,53.92,1.51,2.94,0.81,4.11,0.15,None,None,Somewhat poorly drained,14.45,sil,sil,18.67,152
2108701,QUE001528,41.7258,-87.865461,154,IL031,23A,Blount silt loam; Lake Michigan Lobe; 0 to 2 percent slopes,6.7,14.11,0,12.5,0,6.63,32.07,14.01,53.92,1.51,2.94,0.81,4.11,0.15,None,None,Somewhat poorly drained,14.45,sil,sil,18.67,152
2108716,QUE001536,41.72124,-87.866644,154,IL031,530B,Ozaukee silt loam; 2 to 4 percent slopes,4.85,14.42,0,NA,0,7.03,33.4,11.64,54.96,1.57,2.42,0.57,3.38,0.14,None,None,Moderately well drained,13.79,sil,sil,18.52,NA
2108716,QUE001527,41.726608,-87.866086,154,IL031,530B,Ozaukee silt loam; 2 to 4 percent slopes,4.85,14.42,0,NA,0,7.03,33.4,11.64,54.96,1.57,2.42,0.57,3.38,0.14,None,None,Moderately well drained,13.79,sil,sil,18.52,NA
2108716,QUE001486,41.721732,-87.866425,154,IL031,530B,Ozaukee silt loam; 2 to 4 percent slopes,4.85,14.42,0,NA,0,7.03,33.4,11.64,54.96,1.57,2.42,0.57,3.38,0.14,None,None,Moderately well drained,13.79,sil,sil,18.52,NA
2108716,QUE001531,41.721522,-87.852271,154,IL031,530B,Ozaukee silt loam; 2 to 4 percent slopes,4.85,14.42,0,NA,0,7.03,33.4,11.64,54.96,1.57,2.42,0.57,3.38,0.14,None,None,Moderately well drained,13.79,sil,sil,18.52,NA
2108716,QUE001534,41.718213,-87.866311,154,IL031,530B,Ozaukee silt loam; 2 to 4 percent slopes,4.85,14.42,0,NA,0,7.03,33.4,11.64,54.96,1.57,2.42,0.57,3.38,0.14,None,None,Moderately well drained,13.79,sil,sil,18.52,NA
2108716,QUE001535,41.718543,-87.866416,154,IL031,530B,Ozaukee silt loam; 2 to 4 percent slopes,4.85,14.42,0,NA,0,7.03,33.4,11.64,54.96,1.57,2.42,0.57,3.38,0.14,None,None,Moderately well drained,13.79,sil,sil,18.52,NA
2108717,QUE002511,41.70382,-87.86566,154,IL031,530C,Ozaukee silt loam; 4 to 6 percent slopes,3.55,14.54,0,NA,0,6.91,32.49,11.27,56.24,1.54,2.59,0.61,4.35,0.15,None,None,Moderately well drained,14.64,sil,sil,19.35,NA
2108718,QUE002503,41.71076,-87.86585,154,IL031,530C2,Ozaukee silt loam; 4 to 6 percent slopes; eroded,4.3,15.77,0,NA,0,7.11,35.58,11.64,52.78,1.57,2.72,0.64,3.07,0.13,None,None,Moderately well drained,13.16,sil,sil,17.84,NA
2108721,QUE002496,41.71553,-87.86614,154,IL031,530D,Ozaukee silt loam; 6 to 12 percent slopes,1.55,16.28,0,NA,0,6.27,32.75,11.15,56.1,1.53,2.87,0.68,4.94,0.15,None,None,Moderately well drained,15.32,sil,sil,19.98,NA
2108721,QUE001526,41.724335,-87.859901,154,IL031,530D,Ozaukee silt loam; 6 to 12 percent slopes,1.55,16.28,0,NA,0,6.27,32.75,11.15,56.1,1.53,2.87,0.68,4.94,0.15,None,None,Moderately well drained,15.32,sil,sil,19.98,NA
2108721,QUE002495,41.71554,-87.86613,154,IL031,530D,Ozaukee silt loam; 6 to 12 percent slopes,1.55,16.28,0,NA,0,6.27,32.75,11.15,56.1,1.53,2.87,0.68,4.94,0.15,None,None,Moderately well drained,15.32,sil,sil,19.98,NA
2108725,QUE002510,41.70489,-87.86563,154,IL031,530E,Ozaukee silt loam; 12 to 20 percent slopes,3.75,14.55,0,NA,0,7.04,32.53,11.7,55.77,1.55,2.43,0.69,3.74,0.14,None,None,Moderately well drained,14.19,sil,sil,18.85,152
2108731,QUE001483,41.718158,-87.866097,154,IL031,232A,Ashkum silty clay loam; 0 to 2 percent slopes,0,28.13,0,NA,0,6.99,37.72,8.26,54.02,1.44,6.72,2.13,2.82,0.14,Frequent,None,Poorly drained,14.32,sicl,sicl,20.46,152
2108731,QUE001489,41.723086,-87.86617,154,IL031,232A,Ashkum silty clay loam; 0 to 2 percent slopes,0,28.13,0,NA,0,6.99,37.72,8.26,54.02,1.44,6.72,2.13,2.82,0.14,Frequent,None,Poorly drained,14.32,sicl,sicl,20.46,152
2108731,QUE001533,41.71809,-87.866302,154,IL031,232A,Ashkum silty clay loam; 0 to 2 percent slopes,0,28.13,0,NA,0,6.99,37.72,8.26,54.02,1.44,6.72,2.13,2.82,0.14,Frequent,None,Poorly drained,14.32,sicl,sicl,20.46,152
2108731,QUE001532,41.718072,-87.866357,154,IL031,232A,Ashkum silty clay loam; 0 to 2 percent slopes,0,28.13,0,NA,0,6.99,37.72,8.26,54.02,1.44,6.72,2.13,2.82,0.14,Frequent,None,Poorly drained,14.32,sicl,sicl,20.46,152
2108738,QUE001530,41.725689,-87.862598,154,IL031,298B,Beecher silt loam; 2 to 4 percent slopes,1.32,15.2,0.2,NA,0,6.96,32.22,8.94,58.84,1.51,2.83,1.25,3.92,0.15,None,None,Somewhat poorly drained,14.83,sil,sil,17.19,NA
2108755,QUE002502,41.71129,-87.86589,154,IL031,330A,Peotone silty clay loam; 0 to 2 percent slopes,0,31.9,0,NA,0,7.19,38.9,5.31,55.79,1.4,6.98,3.15,2.82,0.17,Frequent,None,Very poorly drained,16.56,sicl,sicl,24.86,152
2108755,QUE001488,41.721525,-87.86057,154,IL031,330A,Peotone silty clay loam; 0 to 2 percent slopes,0,31.9,0,NA,0,7.19,38.9,5.31,55.79,1.4,6.98,3.15,2.82,0.17,Frequent,None,Very poorly drained,16.56,sicl,sicl,24.86,152
2108755,QUE001487,41.721525,-87.86057,154,IL031,330A,Peotone silty clay loam; 0 to 2 percent slopes,0,31.9,0,NA,0,7.19,38.9,5.31,55.79,1.4,6.98,3.15,2.82,0.17,Frequent,None,Very poorly drained,16.56,sicl,sicl,24.86,152
2108767,QUE000136,41.740864,-87.860335,156,IL031,494B,Kankakee fine sandy loam; 2 to 4 percent slopes,4.7,11.19,0,NA,0,7.09,15.3,51.96,32.74,1.54,1.74,1.06,20.53,0.13,None,None,Well drained,13.01,fsl,fsl,18.03,152
2375836,QUE002585,44.46733,-103.84975,112,SD081,Q0560C,Rapidreek gravelly loam; 2 to 10 percent slopes; rarely flooded,34.5,5.44,1.02,NA,0,8.11,12.83,63.96,23.21,1.49,0.59,1.11,34.21,0.05,None,Rare,Somewhat excessively drained,5.59,gr-l,gr-l,12.05,NA
2375836,QUE002589,44.4337,-103.87411,110,SD081,Q0560C,Rapidreek gravelly loam; 2 to 10 percent slopes; rarely flooded,34.5,5.44,1.02,NA,0,8.11,12.83,63.96,23.21,1.49,0.59,1.11,34.21,0.05,None,Rare,Somewhat excessively drained,5.59,gr-l,gr-l,12.05,NA
2431379,QUE001410,32.3582421,-89.547185,201,MS123,KpB,Kipling silty clay loam; 2 to 5 percent slopes,0,24.8,0,12.2,0,5.9,45.96,6.95,47.09,1.39,7.02,0.38,0.92,0.21,None,None,Somewhat poorly drained,21,sil,sil,37.91,183
2431379,QUE001409,32.3582421,-89.547185,201,MS123,KpB,Kipling silty clay loam; 2 to 5 percent slopes,0,24.8,0,12.2,0,5.9,45.96,6.95,47.09,1.39,7.02,0.38,0.92,0.21,None,None,Somewhat poorly drained,21,sil,sil,37.91,183
2431379,QUE001400,32.3582421,-89.547185,201,MS123,KpB,Kipling silty clay loam; 2 to 5 percent slopes,0,24.8,0,12.2,0,5.9,45.96,6.95,47.09,1.39,7.02,0.38,0.92,0.21,None,None,Somewhat poorly drained,21,sil,sil,37.91,183
2431379,QUE001403,32.3582421,-89.547185,201,MS123,KpB,Kipling silty clay loam; 2 to 5 percent slopes,0,24.8,0,12.2,0,5.9,45.96,6.95,47.09,1.39,7.02,0.38,0.92,0.21,None,None,Somewhat poorly drained,21,sil,sil,37.91,183
2431379,QUE001406,32.3582421,-89.547185,201,MS123,KpB,Kipling silty clay loam; 2 to 5 percent slopes,0,24.8,0,12.2,0,5.9,45.96,6.95,47.09,1.39,7.02,0.38,0.92,0.21,None,None,Somewhat poorly drained,21,sil,sil,37.91,183
2431379,QUE001408,32.3582421,-89.547185,201,MS123,KpB,Kipling silty clay loam; 2 to 5 percent slopes,0,24.8,0,12.2,0,5.9,45.96,6.95,47.09,1.39,7.02,0.38,0.92,0.21,None,None,Somewhat poorly drained,21,sil,sil,37.91,183
2431379,QUE001411,32.3582421,-89.547185,201,MS123,KpB,Kipling silty clay loam; 2 to 5 percent slopes,0,24.8,0,12.2,0,5.9,45.96,6.95,47.09,1.39,7.02,0.38,0.92,0.21,None,None,Somewhat poorly drained,21,sil,sil,37.91,183
2431379,QUE001412,32.3582421,-89.547185,201,MS123,KpB,Kipling silty clay loam; 2 to 5 percent slopes,0,24.8,0,12.2,0,5.9,45.96,6.95,47.09,1.39,7.02,0.38,0.92,0.21,None,None,Somewhat poorly drained,21,sil,sil,37.91,183
2499062,QUE000322,31.97917,-104.75417,192,TX625,MCB,McKittrick-Riverwash complex; flooded; 0 to 3 percent slopes,24.7,11.74,0.4,NA,0,7.52,14.05,66.62,19.33,1.35,2.12,0.53,9,0.05,None,Frequent,Well drained,5.12,gr-sl,gr-sl,6.83,157
2501325,QUE001929,37.1574,-91.36496,147,MO203,99013,Riverwash; frequently flooded,NA,NA,NA,NA,NA,NA,NA,NA,NA,NA,NA,NA,NA,NA,None,Frequent,Excessively drained,1,grx-cos,grx-cos,2,NA
2501325,QUE001930,37.1574,-91.36496,147,MO203,99013,Riverwash; frequently flooded,NA,NA,NA,NA,NA,NA,NA,NA,NA,NA,NA,NA,NA,NA,None,Frequent,Excessively drained,1,grx-cos,grx-cos,2,NA
2501325,QUE001933,37.15687,-91.36471,147,MO203,99013,Riverwash; frequently flooded,NA,NA,NA,NA,NA,NA,NA,NA,NA,NA,NA,NA,NA,NA,None,Frequent,Excessively drained,1,grx-cos,grx-cos,2,NA
2501325,QUE001936,37.15758,-91.36513,147,MO203,99013,Riverwash; frequently flooded,NA,NA,NA,NA,NA,NA,NA,NA,NA,NA,NA,NA,NA,NA,None,Frequent,Excessively drained,1,grx-cos,grx-cos,2,NA
2501325,QUE001932,37.15729,-91.36499,147,MO203,99013,Riverwash; frequently flooded,NA,NA,NA,NA,NA,NA,NA,NA,NA,NA,NA,NA,NA,NA,None,Frequent,Excessively drained,1,grx-cos,grx-cos,2,NA
2501377,QUE001366,43.219807,-90.305408,131,WI103,1743F,Council-Elevasil-Norden complex; 20 to 45 percent slopes; rocky,0,10.24,0,5.86,0,5.35,12.42,53.59,33.98,1.56,0.94,1.54,21.79,0.16,None,None,Well drained,15.68,mpm,sl,23.31,103
2501585,QUE002175,38.46608,-90.8094,164,MO071,60254,Useful silt loam; 15 to 20 percent slopes,0,17.77,0.2,11,0,5.36,33.4,7.03,59.57,1.42,2.58,0.78,2.36,0.14,None,None,Moderately well drained,13.67,sil,sil,17.43,1
2501629,QUE002226,37.15758,-91.30513,150,MO203,73140,Clarksville-Scholten complex; 15 to 45 percent slopes; very stony,0,NA,0.32,7.04,0,4.95,21.66,29.57,48.77,1.49,0.71,2.38,17.16,0.09,None,None,Somewhat excessively drained,9.41,spm,grv-sil,15.64,200
2501760,QUE002193,38.51347,-90.55741,191,MO189,73202,Rueter gravelly silt loam; 3 to 15 percent slopes; very stony,0,NA,0.2,8.83,0,5.06,24.34,26.24,49.42,1.44,1.23,1.01,7.17,0.11,None,None,Somewhat excessively drained,10.84,gr-sil,gr-sil,16.15,200
2504291,QUE001368,43.215162,-90.304929,131,WI103,1648A,Northbend-Ettrick silt loams; 0 to 3 percent slopes; frequently flooded,0,19.35,0,3.6,0,5.04,15.87,29.44,54.69,1.42,1.32,2.52,15.6,0.2,None,Frequent,Somewhat poorly drained,20.51,sil,sil,34.39,200
2504291,QUE001384,43.264793,-90.303891,131,WI103,1648A,Northbend-Ettrick silt loams; 0 to 3 percent slopes; frequently flooded,0,19.35,0,3.6,0,5.04,15.87,29.44,54.69,1.42,1.32,2.52,15.6,0.2,None,Frequent,Somewhat poorly drained,20.51,sil,sil,34.39,200
2504291,QUE001367,43.218371,-90.303809,131,WI103,1648A,Northbend-Ettrick silt loams; 0 to 3 percent slopes; frequently flooded,0,19.35,0,3.6,0,5.04,15.87,29.44,54.69,1.42,1.32,2.52,15.6,0.2,None,Frequent,Somewhat poorly drained,20.51,sil,sil,34.39,200
2504291,QUE001362,43.239139,-90.307985,131,WI103,1648A,Northbend-Ettrick silt loams; 0 to 3 percent slopes; frequently flooded,0,19.35,0,3.6,0,5.04,15.87,29.44,54.69,1.42,1.32,2.52,15.6,0.2,None,Frequent,Somewhat poorly drained,20.51,sil,sil,34.39,200
2504291,QUE001377,43.264793,-90.303891,131,WI103,1648A,Northbend-Ettrick silt loams; 0 to 3 percent slopes; frequently flooded,0,19.35,0,3.6,0,5.04,15.87,29.44,54.69,1.42,1.32,2.52,15.6,0.2,None,Frequent,Somewhat poorly drained,20.51,sil,sil,34.39,200
2504291,QUE001365,43.233824,-90.30431,131,WI103,1648A,Northbend-Ettrick silt loams; 0 to 3 percent slopes; frequently flooded,0,19.35,0,3.6,0,5.04,15.87,29.44,54.69,1.42,1.32,2.52,15.6,0.2,None,Frequent,Somewhat poorly drained,20.51,sil,sil,34.39,200
2504291,QUE001364,43.223441,-90.303845,131,WI103,1648A,Northbend-Ettrick silt loams; 0 to 3 percent slopes; frequently flooded,0,19.35,0,3.6,0,5.04,15.87,29.44,54.69,1.42,1.32,2.52,15.6,0.2,None,Frequent,Somewhat poorly drained,20.51,sil,sil,34.39,200
2504291,QUE001385,43.264793,-90.303891,131,WI103,1648A,Northbend-Ettrick silt loams; 0 to 3 percent slopes; frequently flooded,0,19.35,0,3.6,0,5.04,15.87,29.44,54.69,1.42,1.32,2.52,15.6,0.2,None,Frequent,Somewhat poorly drained,20.51,sil,sil,34.39,200
2504291,QUE001386,43.264793,-90.303891,131,WI103,1648A,Northbend-Ettrick silt loams; 0 to 3 percent slopes; frequently flooded,0,19.35,0,3.6,0,5.04,15.87,29.44,54.69,1.42,1.32,2.52,15.6,0.2,None,Frequent,Somewhat poorly drained,20.51,sil,sil,34.39,200
2504291,QUE001387,43.264793,-90.303891,131,WI103,1648A,Northbend-Ettrick silt loams; 0 to 3 percent slopes; frequently flooded,0,19.35,0,3.6,0,5.04,15.87,29.44,54.69,1.42,1.32,2.52,15.6,0.2,None,Frequent,Somewhat poorly drained,20.51,sil,sil,34.39,200
2504291,QUE001388,43.264793,-90.303891,131,WI103,1648A,Northbend-Ettrick silt loams; 0 to 3 percent slopes; frequently flooded,0,19.35,0,3.6,0,5.04,15.87,29.44,54.69,1.42,1.32,2.52,15.6,0.2,None,Frequent,Somewhat poorly drained,20.51,sil,sil,34.39,200
2504291,QUE001389,43.264793,-90.303891,131,WI103,1648A,Northbend-Ettrick silt loams; 0 to 3 percent slopes; frequently flooded,0,19.35,0,3.6,0,5.04,15.87,29.44,54.69,1.42,1.32,2.52,15.6,0.2,None,Frequent,Somewhat poorly drained,20.51,sil,sil,34.39,200
2504291,QUE001372,43.264793,-90.303891,131,WI103,1648A,Northbend-Ettrick silt loams; 0 to 3 percent slopes; frequently flooded,0,19.35,0,3.6,0,5.04,15.87,29.44,54.69,1.42,1.32,2.52,15.6,0.2,None,Frequent,Somewhat poorly drained,20.51,sil,sil,34.39,200
2504291,QUE001373,43.264793,-90.303891,131,WI103,1648A,Northbend-Ettrick silt loams; 0 to 3 percent slopes; frequently flooded,0,19.35,0,3.6,0,5.04,15.87,29.44,54.69,1.42,1.32,2.52,15.6,0.2,None,Frequent,Somewhat poorly drained,20.51,sil,sil,34.39,200
2504291,QUE001374,43.264793,-90.303891,131,WI103,1648A,Northbend-Ettrick silt loams; 0 to 3 percent slopes; frequently flooded,0,19.35,0,3.6,0,5.04,15.87,29.44,54.69,1.42,1.32,2.52,15.6,0.2,None,Frequent,Somewhat poorly drained,20.51,sil,sil,34.39,200
2504291,QUE001393,43.264793,-90.303891,131,WI103,1648A,Northbend-Ettrick silt loams; 0 to 3 percent slopes; frequently flooded,0,19.35,0,3.6,0,5.04,15.87,29.44,54.69,1.42,1.32,2.52,15.6,0.2,None,Frequent,Somewhat poorly drained,20.51,sil,sil,34.39,200
2504291,QUE001363,43.23857,-90.306989,131,WI103,1648A,Northbend-Ettrick silt loams; 0 to 3 percent slopes; frequently flooded,0,19.35,0,3.6,0,5.04,15.87,29.44,54.69,1.42,1.32,2.52,15.6,0.2,None,Frequent,Somewhat poorly drained,20.51,sil,sil,34.39,200
2504291,QUE001378,43.264793,-90.303891,131,WI103,1648A,Northbend-Ettrick silt loams; 0 to 3 percent slopes; frequently flooded,0,19.35,0,3.6,0,5.04,15.87,29.44,54.69,1.42,1.32,2.52,15.6,0.2,None,Frequent,Somewhat poorly drained,20.51,sil,sil,34.39,200
2504291,QUE001392,43.264793,-90.303891,131,WI103,1648A,Northbend-Ettrick silt loams; 0 to 3 percent slopes; frequently flooded,0,19.35,0,3.6,0,5.04,15.87,29.44,54.69,1.42,1.32,2.52,15.6,0.2,None,Frequent,Somewhat poorly drained,20.51,sil,sil,34.39,200
2504291,QUE001390,43.264793,-90.303891,131,WI103,1648A,Northbend-Ettrick silt loams; 0 to 3 percent slopes; frequently flooded,0,19.35,0,3.6,0,5.04,15.87,29.44,54.69,1.42,1.32,2.52,15.6,0.2,None,Frequent,Somewhat poorly drained,20.51,sil,sil,34.39,200
2504291,QUE001391,43.264793,-90.303891,131,WI103,1648A,Northbend-Ettrick silt loams; 0 to 3 percent slopes; frequently flooded,0,19.35,0,3.6,0,5.04,15.87,29.44,54.69,1.42,1.32,2.52,15.6,0.2,None,Frequent,Somewhat poorly drained,20.51,sil,sil,34.39,200
2504320,QUE001376,43.240287,-90.302314,131,WI103,21A,Palms muck; 0 to 1 percent slopes; frequently flooded,0,119.1,0,NA,NA,NA,0,0,0,0.28,NA,55,21.88,0.4,Frequent,Frequent,Very poorly drained,38.54,muck,sil,49.08,152
2504320,QUE001371,43.241424,-90.302268,131,WI103,21A,Palms muck; 0 to 1 percent slopes; frequently flooded,0,119.1,0,NA,NA,NA,0,0,0,0.28,NA,55,21.88,0.4,Frequent,Frequent,Very poorly drained,38.54,muck,sil,49.08,152
2504320,QUE001375,43.240287,-90.302314,131,WI103,21A,Palms muck; 0 to 1 percent slopes; frequently flooded,0,119.1,0,NA,NA,NA,0,0,0,0.28,NA,55,21.88,0.4,Frequent,Frequent,Very poorly drained,38.54,muck,sil,49.08,152
2504320,QUE001369,43.243623,-90.303741,131,WI103,21A,Palms muck; 0 to 1 percent slopes; frequently flooded,0,119.1,0,NA,NA,NA,0,0,0,0.28,NA,55,21.88,0.4,Frequent,Frequent,Very poorly drained,38.54,muck,sil,49.08,152
2504320,QUE001370,43.241424,-90.302268,131,WI103,21A,Palms muck; 0 to 1 percent slopes; frequently flooded,0,119.1,0,NA,NA,NA,0,0,0,0.28,NA,55,21.88,0.4,Frequent,Frequent,Very poorly drained,38.54,muck,sil,49.08,152
2532847,QUE002187,38.51089,-90.55987,190,MO189,60001,Menfro silt loam; 5 to 9 percent slopes; eroded,0,22.74,1,NA,0,5.68,29.09,4.53,66.38,1.29,3.99,1.05,5.1,0.19,None,None,Well drained,19.36,sil,sil,38.36,200
2532847,QUE002189,38.51135,-90.55921,190,MO189,60001,Menfro silt loam; 5 to 9 percent slopes; eroded,0,22.74,1,NA,0,5.68,29.09,4.53,66.38,1.29,3.99,1.05,5.1,0.19,None,None,Well drained,19.36,sil,sil,38.36,200
2532847,QUE002188,38.51146,-90.55917,190,MO189,60001,Menfro silt loam; 5 to 9 percent slopes; eroded,0,22.74,1,NA,0,5.68,29.09,4.53,66.38,1.29,3.99,1.05,5.1,0.19,None,None,Well drained,19.36,sil,sil,38.36,200
2533532,QUE002202,38.22441,-91.08194,160,MO071,66014,Haymond silt loam; 0 to 3 percent slopes; frequently flooded,0,13.08,1,NA,0,7.16,15.25,9.21,75.54,1.43,1.61,1.22,9,0.19,None,Frequent,Well drained,19.46,sil,sil,38.45,200
2533532,QUE002194,38.22685,-91.08245,160,MO071,66014,Haymond silt loam; 0 to 3 percent slopes; frequently flooded,0,13.08,1,NA,0,7.16,15.25,9.21,75.54,1.43,1.61,1.22,9,0.19,None,Frequent,Well drained,19.46,sil,sil,38.45,200
2533532,QUE002208,38.22826,-91.08238,160,MO071,66014,Haymond silt loam; 0 to 3 percent slopes; frequently flooded,0,13.08,1,NA,0,7.16,15.25,9.21,75.54,1.43,1.61,1.22,9,0.19,None,Frequent,Well drained,19.46,sil,sil,38.45,200
2533532,QUE002170,38.46187,-90.81498,164,MO071,66014,Haymond silt loam; 0 to 3 percent slopes; frequently flooded,0,13.08,1,NA,0,7.16,15.25,9.21,75.54,1.43,1.61,1.22,9,0.19,None,Frequent,Well drained,19.46,sil,sil,38.45,200
2533532,QUE002196,38.22667,-91.08296,160,MO071,66014,Haymond silt loam; 0 to 3 percent slopes; frequently flooded,0,13.08,1,NA,0,7.16,15.25,9.21,75.54,1.43,1.61,1.22,9,0.19,None,Frequent,Well drained,19.46,sil,sil,38.45,200
2533532,QUE002166,38.46385,-90.80547,164,MO071,66014,Haymond silt loam; 0 to 3 percent slopes; frequently flooded,0,13.08,1,NA,0,7.16,15.25,9.21,75.54,1.43,1.61,1.22,9,0.19,None,Frequent,Well drained,19.46,sil,sil,38.45,200
2533532,QUE002195,38.22665,-91.08285,160,MO071,66014,Haymond silt loam; 0 to 3 percent slopes; frequently flooded,0,13.08,1,NA,0,7.16,15.25,9.21,75.54,1.43,1.61,1.22,9,0.19,None,Frequent,Well drained,19.46,sil,sil,38.45,200
2533925,QUE002225,38.21733,-91.09339,155,MO071,70009,Goss gravelly silt loam; 8 to 15 percent slopes,0,14.32,0.2,NA,0,5.87,27.41,17.22,55.37,1.47,1.76,0.5,4.84,0.09,None,None,Well drained,9.4,gr-sil,gr-sil,18.03,200
2533925,QUE002219,38.21786,-91.09209,155,MO071,70009,Goss gravelly silt loam; 8 to 15 percent slopes,0,14.32,0.2,NA,0,5.87,27.41,17.22,55.37,1.47,1.76,0.5,4.84,0.09,None,None,Well drained,9.4,gr-sil,gr-sil,18.03,200
2533925,QUE002216,38.21713,-91.09208,155,MO071,70009,Goss gravelly silt loam; 8 to 15 percent slopes,0,14.32,0.2,NA,0,5.87,27.41,17.22,55.37,1.47,1.76,0.5,4.84,0.09,None,None,Well drained,9.4,gr-sil,gr-sil,18.03,200
2534519,QUE001858,37.97792,-92.76518,170,MO029,73042,Niangua-Bardley complex; 15 to 50 percent slopes; extremely stony,0,34.93,0.2,20.45,0,5.56,56.14,7.91,35.95,1.26,6.47,0.92,2.91,0.1,None,None,Well drained,9.24,grv-sil,grv-sil,11.67,1
2534519,QUE001860,37.97792,-92.76518,170,MO029,73042,Niangua-Bardley complex; 15 to 50 percent slopes; extremely stony,0,34.93,0.2,20.45,0,5.56,56.14,7.91,35.95,1.26,6.47,0.92,2.91,0.1,None,None,Well drained,9.24,grv-sil,grv-sil,11.67,1
2534519,QUE001839,37.97291,-92.76217,170,MO029,73042,Niangua-Bardley complex; 15 to 50 percent slopes; extremely stony,0,34.93,0.2,20.45,0,5.56,56.14,7.91,35.95,1.26,6.47,0.92,2.91,0.1,None,None,Well drained,9.24,grv-sil,grv-sil,11.67,1
2534519,QUE001835,37.97259,-92.762,170,MO029,73042,Niangua-Bardley complex; 15 to 50 percent slopes; extremely stony,0,34.93,0.2,20.45,0,5.56,56.14,7.91,35.95,1.26,6.47,0.92,2.91,0.1,None,None,Well drained,9.24,grv-sil,grv-sil,11.67,1
2534519,QUE001857,37.97793,-92.76516,170,MO029,73042,Niangua-Bardley complex; 15 to 50 percent slopes; extremely stony,0,34.93,0.2,20.45,0,5.56,56.14,7.91,35.95,1.26,6.47,0.92,2.91,0.1,None,None,Well drained,9.24,grv-sil,grv-sil,11.67,1
2534519,QUE001846,37.97414,-92.76266,170,MO029,73042,Niangua-Bardley complex; 15 to 50 percent slopes; extremely stony,0,34.93,0.2,20.45,0,5.56,56.14,7.91,35.95,1.26,6.47,0.92,2.91,0.1,None,None,Well drained,9.24,grv-sil,grv-sil,11.67,1
2534519,QUE001841,37.97316,-92.76227,170,MO029,73042,Niangua-Bardley complex; 15 to 50 percent slopes; extremely stony,0,34.93,0.2,20.45,0,5.56,56.14,7.91,35.95,1.26,6.47,0.92,2.91,0.1,None,None,Well drained,9.24,grv-sil,grv-sil,11.67,1
2534519,QUE001840,37.973,-92.76217,170,MO029,73042,Niangua-Bardley complex; 15 to 50 percent slopes; extremely stony,0,34.93,0.2,20.45,0,5.56,56.14,7.91,35.95,1.26,6.47,0.92,2.91,0.1,None,None,Well drained,9.24,grv-sil,grv-sil,11.67,1
2536161,QUE002176,38.51339,-90.57564,191,MO189,73509,Union silt loam; 8 to 15 percent slopes; eroded,0,11.3,0.2,10.73,0,5.08,29.21,9.65,61.14,1.43,2.05,0.74,6.89,0.14,None,None,Moderately well drained,13.77,sil,sil,18.18,NA
2536161,QUE002180,38.51456,-90.57724,191,MO189,73509,Union silt loam; 8 to 15 percent slopes; eroded,0,11.3,0.2,10.73,0,5.08,29.21,9.65,61.14,1.43,2.05,0.74,6.89,0.14,None,None,Moderately well drained,13.77,sil,sil,18.18,NA
2536161,QUE002183,38.51437,-90.57241,191,MO189,73509,Union silt loam; 8 to 15 percent slopes; eroded,0,11.3,0.2,10.73,0,5.08,29.21,9.65,61.14,1.43,2.05,0.74,6.89,0.14,None,None,Moderately well drained,13.77,sil,sil,18.18,NA
2561807,QUE002370,43.02158,-90.1181,134,WI049,1130F,Lacrescent-Dunbarton complex; very stony; 30 to 60 percent slopes,0.27,20.24,0,NA,0,6.91,25.29,24.42,50.29,1.35,2.37,1.93,16.08,0.16,None,None,Well drained,12.68,cb-sil,cb-sil,16.9,169
2561807,QUE002367,43.01685,-90.11481,125,WI049,1130F,Lacrescent-Dunbarton complex; very stony; 30 to 60 percent slopes,0.27,20.24,0,NA,0,6.91,25.29,24.42,50.29,1.35,2.37,1.93,16.08,0.16,None,None,Well drained,12.68,cb-sil,cb-sil,16.9,169
2561807,QUE002375,43.01817,-90.11679,125,WI049,1130F,Lacrescent-Dunbarton complex; very stony; 30 to 60 percent slopes,0.27,20.24,0,NA,0,6.91,25.29,24.42,50.29,1.35,2.37,1.93,16.08,0.16,None,None,Well drained,12.68,cb-sil,cb-sil,16.9,169
2561807,QUE002374,43.01828,-90.11701,125,WI049,1130F,Lacrescent-Dunbarton complex; very stony; 30 to 60 percent slopes,0.27,20.24,0,NA,0,6.91,25.29,24.42,50.29,1.35,2.37,1.93,16.08,0.16,None,None,Well drained,12.68,cb-sil,cb-sil,16.9,169
2561809,QUE002363,43.01628,-90.11329,125,WI049,1195F,Elkmound-Northfield complex; 30 to 60  percent slopes; very rocky,0,9.32,NA,NA,0,5.6,15.09,57.47,27.44,1.57,1.5,0.64,18.74,0.16,None,None,Well drained,8.01,sl,sl,9.12,NA
2567855,QUE002099,40.45791,-85.50685,147,IN053,GlrC,Glynwood silt loam; 6 to 12 percent slopes,5.86,20.88,0,14.38,0,6.6,35.66,22.72,41.62,1.61,4.5,0.93,2.79,0.14,None,None,Moderately well drained,14.42,sil,sil,20.78,NA
2586534,QUE002574,43.7746,-103.43264,103,SD607,Q0004E,Mocmont-Rock outcrop complex; 10 to 40 percent slopes,0,19.43,0.31,29.2,0,6.29,23.98,37.09,38.93,1.29,1.99,3.2,12.09,0.13,None,None,Well drained,10.13,spm,gr-l,18.77,155
2586534,QUE002570,43.76049,-103.47675,103,SD607,Q0004E,Mocmont-Rock outcrop complex; 10 to 40 percent slopes,0,19.43,0.31,29.2,0,6.29,23.98,37.09,38.93,1.29,1.99,3.2,12.09,0.13,None,None,Well drained,10.13,spm,gr-l,18.77,155
2606448,QUE001783,41.9736,-91.7239,140,IA113,4083C,Kenyon-Urban land complex; 5 to 9 percent slopes,0,19.22,0.1,NA,0,5.8,23.56,39.81,36.63,1.59,2.88,1.47,4.68,0.17,None,None,Moderately well drained,17.32,l,l,31.52,200
2606448,QUE001780,41.97323,-91.72465,140,IA113,4083C,Kenyon-Urban land complex; 5 to 9 percent slopes,0,19.22,0.1,NA,0,5.8,23.56,39.81,36.63,1.59,2.88,1.47,4.68,0.17,None,None,Moderately well drained,17.32,l,l,31.52,200
2606465,QUE001789,41.97362,-91.72565,140,IA113,4391B,Clyde-Floyd-Urban land complex; 0 to 5 percent slopes,0,21.82,0.1,NA,0,6.7,25.96,29.95,44.1,1.41,3.14,3.46,7.17,0.2,None,None,Poorly drained,19.84,sicl,sicl,35.68,200
2668810,QUE002304,39.10791,-96.60469,153,KS161,4590,Clime-Sogn complex; 3 to 20 percent slopes,6.13,24.72,0.32,NA,0,7.72,41.13,7.76,51.11,1.34,4.82,2.37,0.98,0.16,None,None,Well drained,9.45,sic,sic,10.42,1
2668810,QUE002303,39.10158,-96.59982,153,KS161,4590,Clime-Sogn complex; 3 to 20 percent slopes,6.13,24.72,0.32,NA,0,7.72,41.13,7.76,51.11,1.34,4.82,2.37,0.98,0.16,None,None,Well drained,9.45,sic,sic,10.42,1
2733259,QUE002581,44.49133,-103.80895,112,SD081,P256D,Nevee-Spearfish silt loams; 6 to 20 percent slopes,7.42,12.99,1.23,NA,0.84,7.59,17.1,17.66,65.24,1.44,2.04,0.92,7.23,0.2,None,None,Well drained,16.44,sil,sil,19.84,1
2745688,QUE002579,43.81684,-103.25005,125,SD607,P366D,Recluse-Fairburn loams; dry; 6 to 15 percent slopes,4.49,17.33,0.84,NA,0.24,7.54,21.18,40.37,38.45,1.39,2.43,0.9,7.44,0.17,None,None,Well drained,14.72,l,l,20.72,107
2800480,QUE002613,42.04141,-93.678679,137,IA169,L55,Nicollet loam; 1 to 3 percent slopes,3.9,18.91,0,NA,0,6.81,23.14,37.48,39.38,1.35,2.57,2.44,9.17,0.19,None,None,Somewhat poorly drained,19.04,l,l,37.04,200
2809845,QUE001759,43.10698,-89.80825,130,WI025,161D2,Fivepoints silt loam; 12 to 20 percent slopes; moderately eroded,0,20.84,0,NA,0,6.61,27.42,26.51,46.08,1.45,3.35,0.54,11.9,0.12,None,None,Well drained,11.12,sil,sil,11.3,1
2809845,QUE001767,43.10543,-89.80593,130,WI025,161D2,Fivepoints silt loam; 12 to 20 percent slopes; moderately eroded,0,20.84,0,NA,0,6.61,27.42,26.51,46.08,1.45,3.35,0.54,11.9,0.12,None,None,Well drained,11.12,sil,sil,11.3,1
2809846,QUE001750,43.10632,-89.8066,130,WI025,1145F,Gaphill-Rockbluff complex; 30 to 60 percent slopes,0,4.27,0,NA,NA,6.27,7.29,80.57,12.14,1.6,1.5,0.96,59.13,0.1,None,None,Well drained,10.54,sl,sl,13.34,203
2834933,QUE001804,42.04211,-93.60619,137,IA169,L236B,Lester loam; Bemis moraine; 2 to 6 percent slopes,0,22.26,0,NA,0,6.43,27.72,35.28,37,1.47,3.54,1.31,5.23,0.18,None,None,Well drained,18.16,l,l,35.86,200
2835194,QUE001820,42.04561,-93.61113,137,IA169,L95,Harps clay loam; Bemis moraine; 0 to 2 percent slopes,25,16.95,0,NA,0,7.9,24.44,34.05,41.51,1.26,2.12,3.68,7.9,0.19,None,None,Poorly drained,18.93,cl,cl,36.98,200
2916702,QUE002614,42.049533,-93.679052,137,IA169,L62D2,Storden loam; Bemis moraine; 10 to 16 percent slopes; moderately eroded,18.4,15.06,0,NA,0,7.78,20.4,43.8,35.8,1.5,2,0.9,9.17,0.18,None,None,Well drained,18,l,l,36,200
3056115,QUE002101,40.45892,-85.50383,147,IN053,GleB2,Glynwood silt loam; end moraine; 1 to 4 percent slopes; eroded,8.32,19.86,0,NA,0,6.82,36.06,23.24,40.7,1.65,3.8,0.89,1.25,0.12,None,None,Moderately well drained,11.86,sil,sil,15.09,NA
3056115,QUE002103,40.45908,-85.50446,147,IN053,GleB2,Glynwood silt loam; end moraine; 1 to 4 percent slopes; eroded,8.32,19.86,0,NA,0,6.82,36.06,23.24,40.7,1.65,3.8,0.89,1.25,0.12,None,None,Moderately well drained,11.86,sil,sil,15.09,NA
3056115,QUE002102,40.45905,-85.50411,147,IN053,GleB2,Glynwood silt loam; end moraine; 1 to 4 percent slopes; eroded,8.32,19.86,0,NA,0,6.82,36.06,23.24,40.7,1.65,3.8,0.89,1.25,0.12,None,None,Moderately well drained,11.86,sil,sil,15.09,NA
3056117,QUE002105,40.45916,-85.50807,147,IN053,GweB3,Glynwood-Mississinewa clay loams; end moraine; 3 to 8 percent slopes; severely eroded,10.97,18.5,0,NA,0,7.03,36.62,23.56,39.83,1.67,3.48,0.6,1.23,0.1,None,None,Moderately well drained,10.78,cl,cl,14,200
3056117,QUE002109,40.45916,-85.50973,147,IN053,GweB3,Glynwood-Mississinewa clay loams; end moraine; 3 to 8 percent slopes; severely eroded,10.97,18.5,0,NA,0,7.03,36.62,23.56,39.83,1.67,3.48,0.6,1.23,0.1,None,None,Moderately well drained,10.78,cl,cl,14,200
3056117,QUE002108,40.45911,-85.50917,147,IN053,GweB3,Glynwood-Mississinewa clay loams; end moraine; 3 to 8 percent slopes; severely eroded,10.97,18.5,0,NA,0,7.03,36.62,23.56,39.83,1.67,3.48,0.6,1.23,0.1,None,None,Moderately well drained,10.78,cl,cl,14,200
3056117,QUE002107,40.45917,-85.50926,147,IN053,GweB3,Glynwood-Mississinewa clay loams; end moraine; 3 to 8 percent slopes; severely eroded,10.97,18.5,0,NA,0,7.03,36.62,23.56,39.83,1.67,3.48,0.6,1.23,0.1,None,None,Moderately well drained,10.78,cl,cl,14,200
3056117,QUE002106,40.45911,-85.50878,147,IN053,GweB3,Glynwood-Mississinewa clay loams; end moraine; 3 to 8 percent slopes; severely eroded,10.97,18.5,0,NA,0,7.03,36.62,23.56,39.83,1.67,3.48,0.6,1.23,0.1,None,None,Moderately well drained,10.78,cl,cl,14,200
NA,QUE001959,49.71187,-95.24456,NA,NA,NA,NA,NA,NA,NA,NA,NA,NA,NA,NA,NA,NA,NA,NA,NA,NA,NA,NA,NA,NA,NA,NA,NA,NA
NA,QUE001960,49.76104,-99.15971,NA,NA,NA,NA,NA,NA,NA,NA,NA,NA,NA,NA,NA,NA,NA,NA,NA,NA,NA,NA,NA,NA,NA,NA,NA,NA
NA,QUE001963,49.76137,-99.1604,NA,NA,NA,NA,NA,NA,NA,NA,NA,NA,NA,NA,NA,NA,NA,NA,NA,NA,NA,NA,NA,NA,NA,NA,NA,NA
NA,QUE001969,49.76055,-99.15844,NA,NA,NA,NA,NA,NA,NA,NA,NA,NA,NA,NA,NA,NA,NA,NA,NA,NA,NA,NA,NA,NA,NA,NA,NA,NA
NA,QUE001971,49.85783,-97.24911,NA,NA,NA,NA,NA,NA,NA,NA,NA,NA,NA,NA,NA,NA,NA,NA,NA,NA,NA,NA,NA,NA,NA,NA,NA,NA
NA,QUE001974,49.85392,-97.24828,NA,NA,NA,NA,NA,NA,NA,NA,NA,NA,NA,NA,NA,NA,NA,NA,NA,NA,NA,NA,NA,NA,NA,NA,NA,NA
NA,QUE001484,41.719269,87.866098,NA,NA,NA,NA,NA,NA,NA,NA,NA,NA,NA,NA,NA,NA,NA,NA,NA,NA,NA,NA,NA,NA,NA,NA,NA,NA
NA,QUE001485,42.719269,87.866098,NA,NA,NA,NA,NA,NA,NA,NA,NA,NA,NA,NA,NA,NA,NA,NA,NA,NA,NA,NA,NA,NA,NA,NA,NA,NA
NA,QUE001979,49.85344,-97.24661,NA,NA,NA,NA,NA,NA,NA,NA,NA,NA,NA,NA,NA,NA,NA,NA,NA,NA,NA,NA,NA,NA,NA,NA,NA,NA
NA,QUE001951,49.71376,-95.24385,NA,NA,NA,NA,NA,NA,NA,NA,NA,NA,NA,NA,NA,NA,NA,NA,NA,NA,NA,NA,NA,NA,NA,NA,NA,NA
NA,QUE001955,49.71204,-95.2448,NA,NA,NA,NA,NA,NA,NA,NA,NA,NA,NA,NA,NA,NA,NA,NA,NA,NA,NA,NA,NA,NA,NA,NA,NA,NA
